,Index,State,City,Wiki_name,Station Identifier,AM/FM,Channel Number,Twitter Handle,Alternate,Twitter,_merge,Empty_at_load
0,702,Alaska,Anchorage,Anchorage,KNBA,FM,90.3,@KNBA,@aprn,Twitter,right_only,Emptyatload
6,708,Alaska,Unalaska,Unalaska,KUCB,FM,89.7,@KUCBNews,,Twitter,right_only,Emptyatload
10,712,California,Angwin,Angwin,KDFC,FM,89.9,@ClassicalKDFC,,Twitter,right_only,Emptyatload
12,714,California,Calexico,Calexico,KQVO,FM,97.7,@kpbsnews,,Twitter,right_only,Emptyatload
13,715,California,Coachella,Coachella,KVLA,FM,90.3,@kvlatv,,Twitter,right_only,Emptyatload
14,716,California,McCloud,McCloud,KLDD,FM,91.9,@JPRnews,,Twitter,right_only,Emptyatload
16,718,California,Mojave,Mojave,KCRY,FM,88.1,@kcrw,,Twitter,right_only,Emptyatload
17,719,California,Morro Bay,Morro Bay,KESC,FM,99.7,@classicalkusc,,Twitter,right_only,Emptyatload
20,722,California,Quincy,Quincy,KQNC,FM,88.1,@capradionews,,Twitter,right_only,Emptyatload
21,723,California,Redlands,Redlands,KUOR,FM,89.1,@scpr,,Twitter,right_only,Emptyatload
24,726,California,Sacramento,Sacramento,KXPR,FM,88.9,@capradionews,,Twitter,right_only,Emptyatload
25,727,California,San Ardo,San Ardo,KNBX,FM,91.7,@kcbxfm,,Twitter,right_only,Emptyatload
27,729,California,San Francisco,San Francisco,KUSF,FM,90.3,@kusforg,,Twitter,right_only,Emptyatload
28,730,California,Santa Barbara,Santa Barbara,KDRW,FM,88.7,@kcrw,,Twitter,right_only,Emptyatload
29,731,California,Santa Barbara,Santa Barbara,KCLU,AM,1340.0,@kclulive,,Twitter,right_only,Emptyatload
30,732,California,Santa Barbara,Santa Barbara,KSBX,FM,89.5,@kcbxfm,,Twitter,right_only,Emptyatload
32,734,California,Sutter,Sutter,KXJS,FM,88.7,@capradionews,,Twitter,right_only,Emptyatload
33,735,California,Thousand Oaks,Thousand Oaks,KDSC,FM,91.1,@classicalKUSC,,Twitter,right_only,Emptyatload
35,737,Colorado,Carbondale,Carbondale,KCJX,FM,88.9,@aspenpubradio,,Twitter,right_only,Emptyatload
36,738,Colorado,Carbondale,Carbondale,KDNK,FM,88.1,@kdnkradio,,Twitter,right_only,Emptyatload
39,741,Colorado,Denver,Denver,KCFR,FM,90.1,@COPublicRadio,,Twitter,right_only,Emptyatload
40,742,Colorado,Denver,Denver,KVOD,FM,88.1,@COPublicRadio,,Twitter,right_only,Emptyatload
41,743,Colorado,Fort Collins,Fort Collins,KVXQ,FM,88.3,@COPublicRadio,,Twitter,right_only,Emptyatload
42,744,Colorado,Ignacio,Ignacio,KUTE,FM,90.1,@ksut,,Twitter,right_only,Emptyatload
45,747,Colorado,Steamboat Springs,Steamboat Springs,KRNC,FM,88.5,@kunc,,Twitter,right_only,Emptyatload
46,748,Connecticut,Fairfield,Fairfield,WVOF,FM,88.5,@wvof885,,Twitter,right_only,Emptyatload
47,749,Connecticut,Meriden,Meriden,WNPR,FM,90.5,@wnpr,,Twitter,right_only,Emptyatload
48,750,Connecticut,Middletown,Middletown,WESU,FM,88.1,@WESUmiddletown,,Twitter,right_only,Emptyatload
52,754,Connecticut,Sharon,Sharon,WQQQ,FM,103.3,@wqqq,,Twitter,right_only,Emptyatload
53,755,Delaware,Dover,Dover,WDDE,FM,91.1,@wdde,,Twitter,right_only,Emptyatload
56,758,Florida,Miami,Miami,WDNA,FM,88.9,@wdnaradio,,Twitter,right_only,Emptyatload
57,759,Florida,Sarasota,Sarasota,WSMR,FM,89.1,@wusf,,Twitter,right_only,Emptyatload
59,761,Georgia,Chatsworth,Chatsworth,WNGH,FM,98.9,@gpbnews,@mygpb,Twitter,right_only,Emptyatload
61,763,Georgia,Macon,Macon,WMUM,FM,89.7,@gpbmacon,,Twitter,right_only,Emptyatload
62,764,Georgia,Rome,Rome,WGPB,FM,97.7,@gpbnews,@mygpb,Twitter,right_only,Emptyatload
73,775,Illinois,Galesburg,Galesburg,WVKC,FM,90.7,@TheWVKC,,Twitter,right_only,Emptyatload
74,776,Illinois,Glen Ellyn,Glen Ellyn,WDCB,FM,90.9,@WDCBnews,,Twitter,right_only,Emptyatload
77,779,Illinois,Urbana,Urbana,WILL,AM,90.9,@willpublicmedia,,Twitter,right_only,Emptyatload
80,782,Indiana,Fort Wayne,Fort Wayne,WBOI,FM,89.1,@WBOI,,Twitter,right_only,Emptyatload
83,785,Indiana,Lowell,Lowell,WLPR,FM,89.1,@WLPR891,,Twitter,right_only,Emptyatload
85,787,Indiana,Vincennes,Vincennes,WVUB,FM,91.1,@WVUB,,Twitter,right_only,Emptyatload
96,798,Iowa,Okoboji,Okoboji,KOJI,FM,90.7,@kwitkoji,,Twitter,right_only,Emptyatload
97,799,Iowa,Ottumwa,Ottumwa,KNSZ,FM,89.1,@Ottumwa_Radio,,Twitter,right_only,Emptyatload
98,800,Iowa,Ottumwa,Ottumwa,KICW,FM,91.1,@kicwtv,,Twitter,right_only,Emptyatload
99,801,Iowa,Patterson,Patterson,KICP,FM,105.9,@iowapublicradio,,Twitter,right_only,Emptyatload
100,802,Iowa,Pleasantville,Pleasantville,KICL,FM,96.3,@iowapublicradio,,Twitter,right_only,Emptyatload
101,803,Iowa,Waterloo,Waterloo,KBBG,FM,88.1,@kbbgradio,,Twitter,right_only,Emptyatload
102,804,Kansas,Chanute,Chanute,KANQ,FM,90.3,@kprnews,,Twitter,right_only,Emptyatload
103,805,Kansas,Hays,Hays,KZAN,FM,91.7,@hppr,,Twitter,right_only,Emptyatload
104,806,Kansas,Olsburg,Olsburg,KANV,FM,91.3,@kprnews,,Twitter,right_only,Emptyatload
106,808,Kentucky,Louisville,Louisville,WUOL,FM,90.5,@wuol,,Twitter,right_only,Emptyatload
107,809,Louisiana,Alexandria,Alexandria,KLSA,FM,90.7,@rrrpublicradio,,Twitter,right_only,Emptyatload
109,811,Louisiana,Baton Rouge,Baton Rouge,WRKF,FM,89.3,@wrkf,,Twitter,right_only,Emptyatload
110,812,Louisiana,Hammond,Hammond,KSLU,FM,90.9,@kslutwitter,,Twitter,right_only,Emptyatload
111,813,Louisiana,Lafayette,Lafayette,KRVS,FM,88.7,@krvsmedia,,Twitter,right_only,Emptyatload
112,814,Louisiana,Monroe,Monroe,KEDM,FM,90.3,@kedmpublicradio,,Twitter,right_only,Emptyatload
113,815,Louisiana,New Orleans,New Orleans,WWNO,FM,89.9,@wwno,,Twitter,right_only,Emptyatload
114,816,Louisiana,Shreveport,Shreveport,KDAQ,FM,89.9,@rrrpublicradio,,Twitter,right_only,Emptyatload
116,818,Maine,Camden,Camden,WMEP,FM,90.5,@mainepublic,,Twitter,right_only,Emptyatload
117,819,Maryland,Frederick,Frederick,WYPF,FM,88.1,@wypf881fm,,Twitter,right_only,Emptyatload
118,820,Maryland,Hagerstown,Hagerstown,WGMS,FM,89.1,@wetatvfm,,Twitter,right_only,Emptyatload
121,823,Maryland,Towson,Towson,WTMD,FM,89.7,@wtmd,,Twitter,right_only,Emptyatload
122,824,Massachusetts,Brewster,Brewster,WZAI,FM,94.3,@wcai_npr,,Twitter,right_only,Emptyatload
123,825,Massachusetts,Deerfield,Deerfield,WNNZ,FM,91.7,@wfcr885,,Twitter,right_only,Emptyatload
124,826,Massachusetts,Lowell,Lowell,WCRB,FM,99.5,@995wcrb,,Twitter,right_only,Emptyatload
126,828,Massachusetts,Newburyport,Newburyport,WNEF,FM,91.7,@wumbradio,,Twitter,right_only,Emptyatload
129,831,Massachusetts,Stow,Stow,WUMG,FM,91.7,@wumbradio,,Twitter,right_only,Emptyatload
131,833,Massachusetts,Westfield,Westfield,WNNZ,AM,640.0,@wfcr885,,Twitter,right_only,Emptyatload
132,834,Michigan,Berrien Springs,Berrien Springs,WAUS,FM,90.7,@wausfm,,Twitter,right_only,Emptyatload
134,836,Michigan,Houghton,Houghton,WGGL,FM,91.1,@mprnews,,Twitter,right_only,Emptyatload
135,837,Michigan,Mackinaw City,Mackinaw City,WIAB,FM,88.5,@IPRNewsRadio,,Twitter,right_only,Emptyatload
136,838,Michigan,Manistee,Manistee,WLMN,FM,89.7,@IPRNewsRadio,,Twitter,right_only,Emptyatload
137,839,Minnesota,Appleton,Appleton,KRSU,FM,91.3,@rsuradio,,Twitter,right_only,Emptyatload
138,840,Minnesota,Austin,Austin,KNSE,FM,90.1,@mpr,,Twitter,right_only,Emptyatload
139,841,Minnesota,Bemidji,Bemidji,KCRB,FM,88.5,@mpr,,Twitter,right_only,Emptyatload
140,842,Minnesota,Brainerd,Brainerd,KBPN,FM,88.3,@mpr,,Twitter,right_only,Emptyatload
141,843,Minnesota,St. Cloud,St. Cloud,KSJR,FM,90.1,@mpr,,Twitter,right_only,Emptyatload
142,844,Minnesota,Duluth,Duluth,KUMD,FM,103.3,@kumd1033fm,,Twitter,right_only,Emptyatload
143,845,Minnesota,Duluth,Duluth,WSCD,FM,92.9,@mpr,,Twitter,right_only,Emptyatload
144,846,Minnesota,Fergus Falls,Fergus Falls,KCMF,FM,89.7,@mpr,,Twitter,right_only,Emptyatload
145,847,Minnesota,Fergus Falls,Fergus Falls,KNWF,FM,91.5,@mpr,,Twitter,right_only,Emptyatload
147,849,Minnesota,Grand Marais,Grand Marais,WMLS,FM,88.7,@classicalmpr,,Twitter,right_only,Emptyatload
148,850,Minnesota,Grand Marais,Grand Marais,WTIP,FM,90.7,@wtipradio,,Twitter,right_only,Emptyatload
149,851,Minnesota,Grand Portage,Grand Portage,WGPO,FM,90.1,@wtipradio,,Twitter,right_only,Emptyatload
150,852,Minnesota,Hinckley,Hinckley,WGRH,FM,88.5,@mpr,,Twitter,right_only,Emptyatload
151,853,Minnesota,International Falls,International Falls,KITF,FM,88.3,@mpr,,Twitter,right_only,Emptyatload
152,854,Minnesota,Mankato,Mankato,KMSU,FM,89.7,@kmsutwitter,,Twitter,right_only,Emptyatload
153,855,Minnesota,Minneapolis,Minneapolis,KBEM,FM,88.5,@kbemfm,,Twitter,right_only,Emptyatload
154,856,Minnesota,Minneapolis,Minneapolis,KFAI,FM,90.3,@kfainews,,Twitter,right_only,Emptyatload
155,857,Minnesota,Moorhead,Moorhead,KCCM,FM,91.1,@mpr,,Twitter,right_only,Emptyatload
156,858,Minnesota,"St. Paul Minneapolis, Minnesota","St. Paul Minneapolis, Minnesota",KCMP,FM,89.3,@kcmpnews,,Twitter,right_only,Emptyatload
157,859,Minnesota,Redwood Falls,Redwood Falls,KRFI,FM,88.1,@mpr,,Twitter,right_only,Emptyatload
158,860,Minnesota,Rochester,Rochester,KLSE,FM,90.7,@mpr,,Twitter,right_only,Emptyatload
159,861,Minnesota,Rochester,Rochester,KZSE,FM,91.7,@mpr,,Twitter,right_only,Emptyatload
161,863,Minnesota,Minneapolis,Minneapolis,KSJN,FM,99.5,@mpr,,Twitter,right_only,Emptyatload
162,864,Minnesota,Mankato,Mankato,KGAC,FM,90.5,@mpr,,Twitter,right_only,Emptyatload
163,865,Minnesota,Thief River Falls,Thief River Falls,KQMN,FM,91.5,@mpr,,Twitter,right_only,Emptyatload
164,866,Minnesota,Hibbing,Hibbing,WIRR,FM,90.9,@mpr,,Twitter,right_only,Emptyatload
166,332,Mississippi,Booneville,Booneville,WMAE,FM,89.5,@mpbonline,,Twitter,both,Emptyatload
167,333,Mississippi,Bude,Bude,WMAU,FM,88.9,@mpbonline,,Twitter,both,Emptyatload
169,335,Mississippi,Holly Springs,Holly Springs,WURC,FM,88.1,@wurc881,,Twitter,both,Emptyatload
170,336,Mississippi,Jackson,Jackson,WJSU,FM,88.5,@wjsu885,,Twitter,both,Emptyatload
171,340,Mississippi,Mississippi State,Mississippi State,WMAB,FM,89.9,@mpbonline,,Twitter,both,Emptyatload
173,868,Mississippi,Starkville,Starkville,WMSV,FM,91.1,@msuradio_wmsv,,Twitter,right_only,Emptyatload
174,343,Missouri,Branson,Branson,KSMS,FM,90.5,@ksmu,,Twitter,both,Emptyatload
175,345,Missouri,Chillicothe,Chillicothe,KRNW,FM,88.9,@kxcvkrnw,,Twitter,both,Emptyatload
176,351,Missouri,Springfield,Springfield,KSMU,FM,91.1,@ksmu,,Twitter,both,Emptyatload
177,352,Missouri,St. Louis,St. Louis,KWMU,FM,90.7,@stlpublicradio,,Twitter,both,Emptyatload
178,353,Missouri,Warrensburg,Warrensburg,KTBG,FM,90.9,@909thebridge,,Twitter,both,Emptyatload
180,869,Missouri,Rolla,Rolla,KMST,FM,88.5,@stlpublicradio,,Twitter,right_only,Emptyatload
182,871,Missouri,West Plains,West Plains,KSMW,FM,90.9,@ksmu,,Twitter,right_only,Emptyatload
183,872,Montana,Bozeman,Bozeman,KGLT,FM,91.9,@kgltfm,,Twitter,right_only,Emptyatload
187,374,Nebraska,Omaha,Omaha,KIOS,FM,91.5,@kiosomaha,,Twitter,both,Emptyatload
188,875,Nebraska,Lincoln,Lincoln,KZUM,FM,89.3,@kzumradio,,Twitter,right_only,Emptyatload
189,375,Nevada,Elko,Elko,KNCC,FM,91.5,@renopublicradio,,Twitter,both,Emptyatload
190,377,Nevada,Las Vegas,Las Vegas,KUNV,FM,91.5,@kunvradio,,Twitter,both,Emptyatload
193,380,Nevada,Reno,Reno,KUNR,FM,88.7,@renopublicradio,,Twitter,both,Emptyatload
195,376,Nevada,Las Vegas,,KNPR,FM,89.5,@knprnews,,Twitter,left_only,Emptyatload
197,877,Nevada,Las Vegas,Las Vegas,KCNV,FM,89.7,@knprnews,,Twitter,right_only,Emptyatload
198,878,Nevada,Las Vegas,Las Vegas,KNPR,FM,88.9,@knprnews,,Twitter,right_only,Emptyatload
200,382,New Hampshire,Concord,Concord,WEVO,FM,89.1,@nhpr,,Twitter,both,Emptyatload
203,385,New Hampshire,Keene,Keene,WEVN,FM,90.7,@nhpr,,Twitter,both,Emptyatload
204,880,New Hampshire,Jackson,Jackson,WEVJ,FM,99.5,@nhpr,,Twitter,right_only,Emptyatload
206,386,New Jersey,Atlantic City,Atlantic City,WNJN,FM,89.7,@njtvnews,,Twitter,both,Emptyatload
210,391,New Jersey,Lincroft,Lincroft,WBJB,FM,90.5,@wbjb,,Twitter,both,Emptyatload
212,393,New Jersey,Newark,Newark,WBGO,FM,88.3,@wbgo,,Twitter,both,Emptyatload
215,390,New Jersey,Hackettstown,,WNTI,FM,91.9,@centenary_nj,,Twitter,left_only,Emptyatload
216,394,New Jersey,Atlantic City,,WRTQ,FM,91.3,@wrtimusic,,Twitter,left_only,Emptyatload
219,397,New Mexico,Albuquerque,Albuquerque,KANW,FM,89.1,@kanwfm,,Twitter,both,Emptyatload
220,398,New Mexico,Albuquerque,Albuquerque,KUNM,FM,89.9,@kunmnews,,Twitter,both,Emptyatload
221,399,New Mexico,Gallup,Gallup,KGLP,FM,91.7,@KGLPradio,,Twitter,both,Emptyatload
222,400,New Mexico,Las Cruces,Las Cruces,KRWG,FM,90.7,@krwg,,Twitter,both,Emptyatload
223,402,New Mexico,Maljamar,Maljamar,KMTH,FM,98.7,@KENWpublicmedia,,Twitter,both,Emptyatload
224,403,New Mexico,Portales,Portales,KENW,FM,89.5,@KENWpublicmedia,,Twitter,both,Emptyatload
226,401,New Mexico,Magdalena,,KABR,AM,1500.0,@kabrradio,,Twitter,left_only,Emptyatload
230,405,New York,Albany,Albany,WAMC,FM,90.3,@WAMCradio,,Twitter,both,Emptyatload
231,406,New York,Binghamton,Binghamton,WSKG,FM,89.3,@WSKG,,Twitter,both,Emptyatload
232,407,New York,Binghamton,Binghamton,WSQX,FM,91.5,@WSKG,,Twitter,both,Emptyatload
235,410,New York,Brookville,Brookville,WCWP,FM,88.1,@wcwpsports,,Twitter,both,Emptyatload
236,411,New York,Buffalo,Buffalo,WBFO,FM,88.7,@wbfo,,Twitter,both,Emptyatload
238,415,New York,Canton,Canton,WSLU,FM,89.5,@ncpr,,Twitter,both,Emptyatload
241,420,New York,Ithaca,Ithaca,WSQG,FM,90.9,@wskg,,Twitter,both,Emptyatload
242,421,New York,Jamestown,Jamestown,WUBJ,FM,88.1,@wbfo,,Twitter,both,Emptyatload
243,422,New York,Jeffersonville,Jeffersonville,WJFF,FM,90.5,@wjffradio,,Twitter,both,Emptyatload
247,426,New York,New York City,New York City,WFUV,FM,90.7,@wfuv,,Twitter,both,Emptyatload
248,427,New York,New York City,New York City,WNYC,AM,820.0,@wnyc,,Twitter,both,Emptyatload
249,428,New York,New York City,New York City,WNYC,FM,93.9,@wnyc,,Twitter,both,Emptyatload
251,430,New York,Olean,Olean,WOLN,FM,91.3,@wbfo,,Twitter,both,Emptyatload
253,432,New York,Oswego,Oswego,WRVO,FM,89.9,@WRVO,,Twitter,both,Emptyatload
255,435,New York,Plattsburgh,Plattsburgh,WCEL,FM,91.9,@WMACradio,,Twitter,both,Emptyatload
256,436,New York,Poughkeepsie,Poughkeepsie,WRHV,FM,88.7,@wwfmclassical,,Twitter,both,Emptyatload
257,437,New York,Rochester,Rochester,WXXI,AM,1370.0,@WXXInews,,Twitter,both,Emptyatload
258,438,New York,Rochester,Rochester,WXXI,FM,91.5,@WXXInews,,Twitter,both,Emptyatload
259,439,New York,Saranac Lake,Saranac Lake,WSLL,FM,90.5,@ncpr,,Twitter,both,Emptyatload
260,440,New York,Schenectady,Schenectady,WMHT,FM,89.1,@wmhtpubmedia,,Twitter,both,Emptyatload
261,441,New York,Selden,Selden,WSUF,FM,89.9,@wshunews,,Twitter,both,Emptyatload
263,444,New York,Syracuse,Syracuse,WAER,FM,88.3,@waer883,,Twitter,both,Emptyatload
264,445,New York,Syracuse,Syracuse,WCNY,FM,91.3,@wcny,,Twitter,both,Emptyatload
267,448,New York,Utica,Utica,WUNY,FM,89.5,@wcny,,Twitter,both,Emptyatload
271,412,New York,Buffalo,,WNED,AM,970.0,@wned,,Twitter,left_only,Emptyatload
272,413,New York,Buffalo,,WNED,FM,89.3,@wned,,Twitter,left_only,Emptyatload
273,417,New York,Geneva,,WEOS,FM,89.7,@WEOSmorning,,Twitter,left_only,Emptyatload
276,442,New York,Southampton,,WLIU,FM,88.3,@WLIU_BK,,Twitter,left_only,Emptyatload
278,888,New York,Boonville,Boonville,WXLB,FM,91.7,@ncpr,,Twitter,right_only,Emptyatload
279,889,New York,Buffalo,Buffalo,WNED,FM,94.5,@wned,@wnedtv,Twitter,right_only,Emptyatload
281,891,New York,Fredonia,Fredonia,WCVF,FM,91.3,@fredoniaradio,,Twitter,right_only,Emptyatload
282,892,New York,Geneva,Geneva,WEOS,FM,89.5,@WEOSmorning,,Twitter,right_only,Emptyatload
283,893,New York,Gouverneur,Gouverneur,WXLB,FM,90.5,@ncpr,,Twitter,right_only,Emptyatload
284,894,New York,Hamilton,Hamilton,WRCU,FM,90.1,@wrcucolgate,,Twitter,right_only,Emptyatload
285,895,New York,Houghton,Houghton,WXXY,FM,90.3,@WXXIrochester,,Twitter,right_only,Emptyatload
286,896,New York,Jamestown,Jamestown,WNJA,FM,89.7,@wned,,Twitter,right_only,Emptyatload
288,898,New York,Peru,Peru,WXLU,FM,88.1,@ncpr,,Twitter,right_only,Emptyatload
289,899,New York,Rochester,Rochester,WRUR,FM,88.5,@wrurfm,,Twitter,right_only,Emptyatload
290,900,New York,Southampton,Southampton,WPPB,FM,88.3,@wppb,,Twitter,right_only,Emptyatload
291,901,New York,Tupper Lake,Tupper Lake,WXLS,FM,88.3,@ncpr,,Twitter,right_only,Emptyatload
292,452,North Carolina,Asheville,Asheville,WCQS,FM,88.1,@news_bpr,,Twitter,both,Emptyatload
293,453,North Carolina,Atlantic Beach,Atlantic Beach,WBJD,FM,91.5,@publicradioeast,,Twitter,both,Emptyatload
295,455,North Carolina,Chapel Hill,Chapel Hill,WUNC,FM,91.5,@wunc,,Twitter,both,Emptyatload
296,456,North Carolina,Charlotte,Charlotte,WFAE,FM,90.7,@wfae,,Twitter,both,Emptyatload
297,457,North Carolina,Davidson,Davidson,WDAV,FM,89.9,@wdav,,Twitter,both,Emptyatload
298,458,North Carolina,Durham,Durham,WNCU,FM,90.7,@wncu,,Twitter,both,Emptyatload
299,459,North Carolina,Fayetteville,Fayetteville,WFSS,FM,91.9,@wunc,,Twitter,both,Emptyatload
300,460,North Carolina,Franklin,Franklin,WFQS,FM,91.3,@news_bpr,,Twitter,both,Emptyatload
303,464,North Carolina,New Bern,New Bern,WTEB,FM,89.3,@publicradioeast,,Twitter,both,Emptyatload
304,467,North Carolina,Spindale,Spindale,WNCW,FM,88.7,@wncw,,Twitter,both,Emptyatload
305,468,North Carolina,Wilmington,Wilmington,WHQR,FM,91.3,@whqr,,Twitter,both,Emptyatload
306,469,North Carolina,Winston-Salem,Winston-Salem,WFDD,FM,88.5,@wfdd,,Twitter,both,Emptyatload
307,462,North Carolina,Kingston,,WKNS,FM,90.5,@publicradioeast,,Twitter,left_only,Emptyatload
309,466,North Carolina,Rocky Mount,,WRQM,FM,90.0,@wunc,,Twitter,left_only,Emptyatload
310,902,North Carolina,Elizabeth City,Elizabeth City,WRVS,FM,89.9,@wrvs899,,Twitter,right_only,Emptyatload
311,903,North Carolina,Kinston,Kinston,WKNS,FM,90.3,@publicradioeast,,Twitter,right_only,Emptyatload
312,904,North Carolina,Manteo,Manteo,WUND,FM,88.9,@wunc,,Twitter,right_only,Emptyatload
313,905,North Carolina,New Bern,New Bern,WZNB,FM,88.5,@publicradioeast,,Twitter,right_only,Emptyatload
314,906,North Carolina,Raleigh,Raleigh,WSHA,FM,88.9,@889fmwsha,,Twitter,right_only,Emptyatload
315,907,North Carolina,Raleigh,Raleigh,WCPE,FM,89.7,@wcpe,,Twitter,right_only,Emptyatload
316,908,North Carolina,Rocky Mount,Rocky Mount,WRQM,FM,90.9,@wunc,,Twitter,right_only,Emptyatload
317,909,North Carolina,Winston-Salem,Winston-Salem,WSNC,FM,90.5,@wsncradio,,Twitter,right_only,Emptyatload
318,470,North Dakota,Belcourt,Belcourt,KEYA,FM,88.5,@KEYApublicradio,,Twitter,both,Emptyatload
319,471,North Dakota,Bismarck,Bismarck,KCND,FM,90.5,@prairiepublic,,Twitter,both,Emptyatload
320,472,North Dakota,Dickinson,Dickinson,KDPR,FM,89.9,@KDPRknows,,Twitter,both,Emptyatload
321,473,North Dakota,Fargo,Fargo,KDSU,FM,91.9,@prairiepublic,,Twitter,both,Emptyatload
322,474,North Dakota,Grand Forks,Grand Forks,KUND,FM,89.3,@prairiepublic,,Twitter,both,Emptyatload
323,475,North Dakota,Jamestown,Jamestown,KPRJ,FM,91.5,@prairiepublic,,Twitter,both,Emptyatload
325,477,North Dakota,Williston,Williston,KPPR,FM,89.5,@prairiepublic,,Twitter,both,Emptyatload
327,478,Ohio,Athens,Athens,WOUB,AM,1340.0,@woub,,Twitter,both,Emptyatload
328,479,Ohio,Athens,Athens,WOUB,FM,91.3,@woub,,Twitter,both,Emptyatload
332,490,Ohio,Dayton,Dayton,WDPR,FM,88.1,@discoverdpr,,Twitter,both,Emptyatload
334,492,Ohio,Ironton,Ironton,WOUL,FM,89.1,@woub,,Twitter,both,Emptyatload
336,495,Ohio,Mansfield,Mansfield,WOSV,FM,91.7,@wosu,,Twitter,both,Emptyatload
339,499,Ohio,Oxford,Oxford,WMUB,FM,88.5,@917wvxu,,Twitter,both,Emptyatload
341,502,Ohio,Toledo,Toledo,WGTE,FM,91.3,@wtgepublic,,Twitter,both,Emptyatload
342,504,Ohio,Wooster,Wooster,WKRW,FM,89.3,@wksu,,Twitter,both,Emptyatload
345,497,Ohio,Mt. Gilead,,WVXG,FM,95.1,@951rocks,,Twitter,left_only,Emptyatload
346,501,Ohio,Thompson,,WSKV,FM,89.1,@wskv,,Twitter,left_only,Emptyatload
349,912,Ohio,Columbus,Columbus,WOSU,FM,89.7,@wosu,,Twitter,right_only,Emptyatload
356,917,Oklahoma,Altus,Altus,KOCU,FM,90.1,@kucofm,,Twitter,right_only,Emptyatload
358,919,Oklahoma,Ketchum,Ketchum,KOSN,FM,107.5,@kosuradio,,Twitter,right_only,Emptyatload
359,920,Oklahoma,Tulsa,Tulsa,KWTU,FM,88.7,@kwgsnews,,Twitter,right_only,Emptyatload
360,921,Oklahoma,Woodward,Woodward,KWOU,FM,88.1,@kwouonline,,Twitter,right_only,Emptyatload
361,514,Oregon,Ashland,Ashland,KAGI,AM,930.0,@jprnews,,Twitter,both,Emptyatload
362,515,Oregon,Ashland,Ashland,KSJK,AM,1230.0,@jprnews,,Twitter,both,Emptyatload
363,516,Oregon,Ashland,Ashland,KSMF,FM,89.1,@jprnews,,Twitter,both,Emptyatload
364,517,Oregon,Ashland,Ashland,KSRG,FM,88.3,@jprnews,,Twitter,both,Emptyatload
365,518,Oregon,Ashland,Ashland,KSOR,FM,90.1,@jprnews,,Twitter,both,Emptyatload
366,519,Oregon,Astoria,Astoria,KMUN,FM,91.9,@coastradio,,Twitter,both,Emptyatload
367,520,Oregon,Bend,Bend,KOAB,FM,91.3,@opb,,Twitter,both,Emptyatload
368,521,Oregon,Coos Bay,Coos Bay,KSBA,FM,88.5,@ksbanews,,Twitter,both,Emptyatload
369,522,Oregon,Corvallis,Corvallis,KOAC,AM,550.0,@opb,,Twitter,both,Emptyatload
370,524,Oregon,Eugene,Eugene,KRVM,AM,1280.0,@91krvm,,Twitter,both,Emptyatload
371,525,Oregon,Florence,Florence,KLFO,FM,88.1,@klcceugeneor,,Twitter,both,Emptyatload
372,527,Oregon,Klamath Falls,Klamath Falls,KSKF,FM,90.9,@jprnews,,Twitter,both,Emptyatload
373,528,Oregon,Newport,Newport,KLCO,FM,90.5,@klcceugeneor,,Twitter,both,Emptyatload
375,530,Oregon,Portland,Portland,KOPB,FM,91.5,@opb,,Twitter,both,Emptyatload
378,922,Oregon,Eugene,Eugene,KOPB,AM,1600.0,@opb,,Twitter,right_only,Emptyatload
379,923,Oregon,Klamath Falls,Klamath Falls,KLMF,FM,88.5,@jprnews,,Twitter,right_only,Emptyatload
381,925,Oregon,Roseburg,Roseburg,KTBR,AM,950.0,@jprnews,,Twitter,right_only,Emptyatload
383,927,Oregon,Tillamook,Tillamook,KTCB,FM,89.5,@coastradio,,Twitter,right_only,Emptyatload
384,928,Oregon,Warrenton,Warrenton,KCPB,FM,90.9,@coastradio,,Twitter,right_only,Emptyatload
390,929,Pennsylvania,Kane,Kane,WPSX,FM,90.1,@wpsu,,Twitter,right_only,Emptyatload
391,930,Pennsylvania,Middletown,Middletown,WXPH,FM,88.7,@wxpnfm,,Twitter,right_only,Emptyatload
392,931,Pennsylvania,Pittsburgh,Pittsburgh,WESA,FM,90.5,@905wesa,,Twitter,right_only,Emptyatload
393,932,Pennsylvania,Williamsport,Williamsport,WVYA,FM,89.7,@wviatvfm,,Twitter,right_only,Emptyatload
394,552,Rhode Island,North Providence,,WRNI,AM,1290.0,@ripr,,Twitter,left_only,Emptyatload
395,553,Rhode Island,Westerly,,WXNI,AM,1230.0,@ripr,,Twitter,left_only,Emptyatload
397,934,Rhode Island,South Coast of Massachusetts and Narragansett Bay communities,South Coast of Massachusetts and Narragansett Bay communities,WXNI,FM,89.3,@ripr,,Twitter,right_only,Emptyatload
398,935,Rhode Island,Coventry and central RI,Coventry and central RI,WCVY,FM,91.5,@wcvy915,,Twitter,right_only,Emptyatload
399,936,Rhode Island,"Narragansett and southern RI, Block Island, Aquidneck Island, and parts of the East Bay","Narragansett and southern RI, Block Island, Aquidneck Island, and parts of the East Bay",WRNI,FM,102.7,@wrni,,Twitter,right_only,Emptyatload
400,562,South Carolina,Sumter,Sumter,WRJA,FM,88.1,@scetv,,Twitter,both,Emptyatload
403,565,South Dakota,Lowry,Lowry,KQSD,FM,91.9,@SoDakPB,,Twitter,both,Emptyatload
406,568,South Dakota,Rapid City,Rapid City,KBHE,FM,89.3,@SoDakPB,,Twitter,both,Emptyatload
408,570,South Dakota,Sioux Falls,Sioux Falls,KCSD,FM,90.9,@SoDakPB,,Twitter,both,Emptyatload
409,571,South Dakota,Vermillion,Vermillion,KUSD,FM,89.7,@SoDakPB,,Twitter,both,Emptyatload
410,937,South Dakota,Sioux Falls,Sioux Falls,KRSD,FM,88.1,@mpr,,Twitter,right_only,Emptyatload
411,573,Tennessee,Cookeville,Cookeville,WHRS,FM,91.7,@WPLN,,Twitter,both,Emptyatload
413,575,Tennessee,Jackson,Jackson,WKNP,FM,90.1,@wknofm,,Twitter,both,Emptyatload
414,938,Tennessee,Collegedale,Collegedale,WSMC,FM,90.5,@wsmcfm,,Twitter,right_only,Emptyatload
415,939,Tennessee,Nashville,Nashville,WFCL,FM,91.1,@WPLN,,Twitter,right_only,Emptyatload
416,595,Texas,Ingram,Ingram,KTXI,FM,90.1,@tprnews,,Twitter,both,Emptyatload
417,940,Texas,Abilene,Abilene,KACU,FM,89.5,@kacu895,,Twitter,right_only,Emptyatload
418,941,Texas,Amarillo,Amarillo,KJJP,FM,105.7,@hppr,,Twitter,right_only,Emptyatload
420,943,Texas,Commerce,Commerce,KETR,FM,88.9,@ketrradio,,Twitter,right_only,Emptyatload
422,945,Texas,Harlingen,Harlingen,KJJF,FM,88.9,@RGVpublicradio,,Twitter,right_only,Emptyatload
423,946,Texas,Houston,Houston,KTSU,FM,90.9,@officialktsu909,,Twitter,right_only,Emptyatload
424,947,Texas,Llano,Llano,KVHL,FM,91.7,@tprnews,,Twitter,right_only,Emptyatload
425,948,Texas,Lubbock,Lubbock,KTTZ,FM,89.1,@kttz,,Twitter,right_only,Emptyatload
426,949,Texas,Marfa,Marfa,KRTS,FM,93.5,@marfaradio,,Twitter,right_only,Emptyatload
427,950,Texas,Odessa,Odessa,KXWT,FM,91.3,@kxwt,,Twitter,right_only,Emptyatload
428,951,Texas,San Angelo,San Angelo,KNCH,FM,90.1,@kttz,,Twitter,right_only,Emptyatload
429,952,Texas,San Antonio,San Antonio,KPAC,FM,88.3,@tprclassical,,Twitter,right_only,Emptyatload
430,953,Texas,Sherman,Sherman,KERA,FM,99.3,@keratx,,Twitter,right_only,Emptyatload
431,954,Texas,Snyder,Snyder,KTPR,FM,89.9,@tprnews,,Twitter,right_only,Emptyatload
432,955,Texas,Spearman,Spearman,KTOT,FM,89.5,@hppr,,Twitter,right_only,Emptyatload
433,956,Texas,Stephenville,Stephenville,KTRL,FM,90.5,@ktrlradio,,Twitter,right_only,Emptyatload
434,957,Texas,Tyler,Tyler,KERA,FM,100.1,@keratx,,Twitter,right_only,Emptyatload
435,958,Texas,Wichita Falls,Wichita Falls,KMCU,FM,88.7,@kccuradio,,Twitter,right_only,Emptyatload
436,959,Texas,Wichita Falls,Wichita Falls,KERA,FM,88.3,@keratx,,Twitter,right_only,Emptyatload
437,960,Utah,Logan,Logan,KUSR,FM,89.5,@utahpublicradio,,Twitter,right_only,Emptyatload
439,962,Utah,Park City,Park City,KPCW,FM,91.7,@kpcwtwitter,,Twitter,right_only,Emptyatload
440,963,Utah,Price,Price,KCEU,FM,89.7,@TTBook,,Twitter,right_only,Emptyatload
441,964,Utah,Richfield,Richfield,KUSL,FM,89.3,@utahpublicradio,,Twitter,right_only,Emptyatload
442,965,Utah,St. George,St. George,KSGU,FM,90.3,@stgeorgechamber,,Twitter,right_only,Emptyatload
444,967,Vermont,Bristol,Bristol,WXLQ,FM,90.5,@ncpr,,Twitter,right_only,Emptyatload
445,968,Vermont,Colchester,Colchester,WVTX,FM,88.7,@vprnet,,Twitter,right_only,Emptyatload
446,969,Vermont,Norwich,Norwich,WNCH,FM,88.1,@vprnet,,Twitter,right_only,Emptyatload
450,973,Virginia,Hot Springs,Hot Springs,WCHG,FM,107.1,@mtnradio,,Twitter,right_only,Emptyatload
451,974,Virginia,Monterey,Monterey,WVLS,FM,89.7,@mtnradio,,Twitter,right_only,Emptyatload
452,647,Washington,Walla Walla,Walla Walla,KWWS,FM,89.7,@nwptv,,Twitter,both,Emptyatload
455,975,Washington,Chehalis,Chehalis,KSWS,FM,88.9,@nwptv,,Twitter,right_only,Emptyatload
459,979,Washington,Tacoma,Tacoma,KNKX,FM,88.5,@knkxfm,,Twitter,right_only,Emptyatload
460,980,Washington,Tumwater,Tumwater,KUOW,AM,1340.0,@kuow,,Twitter,right_only,Emptyatload
465,654,West Virginia,Martinsburg,Martinsburg,WVEP,FM,88.9,@wvpublic,,Twitter,both,Emptyatload
466,655,West Virginia,Morgantown,Morgantown,WVPM,FM,90.9,@wvpublic,,Twitter,both,Emptyatload
469,650,West Virginia,Beckley,,WVPB,FM,91.7,@wvpublic,,Twitter,left_only,Emptyatload
470,652,West Virginia,Charleston,,WVPN,FM,88.5,@wvpublic,,Twitter,left_only,Emptyatload
473,984,West Virginia,Charleston,Charleston,WVPB,FM,88.5,@wvpublic,,Twitter,right_only,Emptyatload
474,985,West Virginia,Frost,Frost,WVMR,AM,1370.0,@mtnradio,,Twitter,right_only,Emptyatload
477,661,Wisconsin,Brule,Brule,WHSA,FM,89.9,@wpr,,Twitter,both,Emptyatload
478,662,Wisconsin,Delafield,Delafield,WHAD,FM,90.7,@wpr,,Twitter,both,Emptyatload
479,663,Wisconsin,Eau Claire,Eau Claire,WUEC,FM,89.7,@wpr,,Twitter,both,Emptyatload
480,664,Wisconsin,Green Bay,Green Bay,WHID,FM,88.1,@wpr,,Twitter,both,Emptyatload
481,665,Wisconsin,Green Bay,Green Bay,WPNE,FM,89.3,@wispublictv,,Twitter,both,Emptyatload
482,666,Wisconsin,Hayward,Hayward,WOJB,FM,88.9,@wojb,,Twitter,both,Emptyatload
483,667,Wisconsin,Highland,Highland,WHHI,FM,91.3,@wpr,,Twitter,both,Emptyatload
486,670,Wisconsin,La Crosse,La Crosse,WLSU,FM,88.9,@wpr,,Twitter,both,Emptyatload
487,671,Wisconsin,Madison,Madison,WERN,FM,88.7,@wpr,,Twitter,both,Emptyatload
488,672,Wisconsin,Madison,Madison,WHA,AM,970.0,@wpr,,Twitter,both,Emptyatload
489,673,Wisconsin,Madison,Sheboygan,WSHS,FM,91.7,@wpr,,Twitter,both,Emptyatload
490,674,Wisconsin,Sheboygan,Sheboygan,WSHS,FM,91.7,@wpr,,Twitter,both,Emptyatload
491,675,Wisconsin,Menomonie,Menomonie,WHWC,FM,88.3,@wpr,,Twitter,both,Emptyatload
492,676,Wisconsin,Menomonie,Menomonie,WVSS,FM,90.7,@wpr,,Twitter,both,Emptyatload
493,677,Wisconsin,Milwaukee,Milwaukee,WUWM,FM,89.7,@wuwmradio,,Twitter,both,Emptyatload
494,678,Wisconsin,Oshkosh,Oshkosh,WRST,FM,90.3,@wrstfm,,Twitter,both,Emptyatload
495,679,Wisconsin,Park Falls,Park Falls,WHBM,FM,90.3,@wpr,,Twitter,both,Emptyatload
496,680,Wisconsin,Rhinelander,Rhinelander,WXPR,FM,91.7,@wxpr,,Twitter,both,Emptyatload
497,681,Wisconsin,River Falls,River Falls,WRFW,FM,88.7,@wrfwfm,,Twitter,both,Emptyatload
498,682,Wisconsin,Sister Bay,Sister Bay,WHDI,FM,91.1,@wpr,,Twitter,both,Emptyatload
499,683,Wisconsin,Sister Bay,Sister Bay,WHND,FM,89.7,@wpr,,Twitter,both,Emptyatload
500,684,Wisconsin,Superior,Superior,KUWS,FM,91.3,@wpr,,Twitter,both,Emptyatload
501,685,Wisconsin,Wausau,Wausau,WHRM,FM,90.9,@wpr,,Twitter,both,Emptyatload
502,686,Wisconsin,Wausau,Wausau,WLBL,FM,91.9,@wpr,,Twitter,both,Emptyatload
505,987,Wisconsin,Milwaukee,Milwaukee,WYMS,FM,88.9,@RadioMilwaukee,,Twitter,right_only,Emptyatload
506,688,Wyoming,Afton,Afton,KUWA,FM,91.3,@WYpublicradio,,Twitter,both,Emptyatload
507,689,Wyoming,Buffalo,Buffalo,KBUW,FM,90.5,@WYpublicradio,,Twitter,both,Emptyatload
508,690,Wyoming,Casper,Casper,KUWC,FM,91.3,@WYpublicradio,,Twitter,both,Emptyatload
510,692,Wyoming,Gillette,Gillette,KUWG,FM,90.9,@WYpublicradio,,Twitter,both,Emptyatload
511,693,Wyoming,Jackson,Jackson,KUWJ,FM,90.3,@WYpublicradio,,Twitter,both,Emptyatload
512,694,Wyoming,Laramie,Laramie,KUWR,FM,91.9,@WYpublicradio,,Twitter,both,Emptyatload
521,597,Texas,Lufkin,Lufkin,KLDN,FM,88.9,@881TheOne,,Twitter,both,
522,545,Pennsylvania,Pittsburgh,,WDUQ,FM,90.5,@905wesa,,Twitter,left_only,
523,484,Ohio,Cincinnati,Cincinnati,WGUC,FM,90.9,@909WGUC,,Twitter,both,
524,585,Texas,Beaumont,Beaumont,KVLU,FM,91.3,@913KVLU,,Twitter,both,
525,485,Ohio,Cincinnati,Cincinnati,WVXU,FM,91.7,@917wvxu,,Twitter,both,
526,627,Virginia,Norfolk,Norfolk,WHRV,FM,89.5,@hot91,,Twitter,both,
527,594,Texas,Houston,Houston,KUHF,FM,88.7,@HoustonPubMedia,@HoustonPubMedia,Twitter,both,
528,583,Texas,Abilene,,KACU,FM,89.7,@KACU895,,Twitter,left_only,
529,586,Texas,College Station,College Station,KAMU,FM,90.9,@KAMUTVFM,,Twitter,both,
530,632,Washington,Bellingham,Bellingham,KZAZ,FM,91.7,@KCBS,,Twitter,both,
531,509,Oklahoma,Lawton,Lawton,KCCU,FM,89.3,@KCCURadio,,Twitter,both,
532,607,Utah,Logan,Logan,KUSU,FM,91.5,@KCPW,,Twitter,both,
533,608,Utah,Salt Lake City,,KCPW,FM,88.3,@KCPWRadio,,Twitter,left_only,
534,587,Texas,College Station,College Station,KEOS,FM,89.1,@KEOSRADIO,,Twitter,both,
535,589,Texas,Dallas,Dallas-Fort Worth,KERA,FM,90.1,@keranews,(@keratx),Twitter,both,
536,590,Texas,Dallas,Denton,KERA,FM,90.1,@keratx,,Twitter,both,
537,641,Washington,Richland,Richland,KFAE,FM,89.1,@kexp,,Twitter,both,
538,510,Oklahoma,Norman,Norman,KGOU,FM,106.3,@kgounews,,Twitter,both,
539,523,Oregon,Eugene,Eugene,KLCC,FM,89.7,@KLCCEugeneOR,,Twitter,both,
540,526,Oregon,Gresham,Gresham,KMHD,FM,89.1,@KMHD_JAZZ_Radio,,Twitter,both,
541,591,Texas,Denton,Denton,KNTU,FM,88.1,@KNTU881,,Twitter,both,
542,512,Oklahoma,Stillwater,Stillwater,KOSU,FM,91.7,@KOSURadio,,Twitter,both,
543,645,Washington,Spokane,Spokane,KSFC,FM,91.9,@KPLUpr,,Twitter,both,
544,599,Texas,Odessa,,KOCV,FM,91.3,@KPVU913FM,,Twitter,left_only,
545,610,Utah,Salt Lake City,Salt Lake City,KUER,FM,90.1,@KRCLradio,,Twitter,both,
546,592,Texas,El Paso,El Paso,KTEP,FM,88.5,@ktep885fm,,Twitter,both,
547,609,Utah,Salt Lake City,,KPCW,FM,91.9,@KUER_FM,,Twitter,left_only,
548,642,Washington,Seattle,Seattle,KEXP,FM,90.3,@KUOW,,Twitter,both,
549,584,Texas,Austin,Austin,KUT,FM,90.5,@KUT,,Twitter,both,
550,600,Texas,Prairie View,Prairie View,KPVU,FM,91.3,@KUTX,,Twitter,both,
551,604,Texas,Victoria,Victoria,KVRT,FM,90.7,@KWBU,,Twitter,both,
552,513,Oklahoma,Tulsa,Tulsa,KWGS,FM,89.5,@KWGSNEWS,,Twitter,both,
553,593,Texas,Harlingen,,KMBH,FM,88.9,@PublicRadio88FM,,Twitter,left_only,
554,633,Washington,Bellevue,,KBCS,FM,91.3,@radio905,,Twitter,left_only,
555,550,Puerto Rico,Rio Piedras,RÂ’o Piedras,WRTU,FM,89.7,@radioupr,,Twitter,both,
556,554,South Carolina,Aiken,Aiken,WLJK,FM,89.1,@SCPublicRadio,,Twitter,both,
557,555,South Carolina,Beaufort,Beaufort,WJWJ,FM,89.9,@SCPublicRadio,,Twitter,both,
558,556,South Carolina,Charleston,Charleston,WSCI,FM,89.3,@SCPublicRadio,,Twitter,both,
559,557,South Carolina,Columbia,Columbia,WLTR,FM,91.3,@SCPublicRadio,,Twitter,both,
560,558,South Carolina,Conway,Conway,WHMC,FM,90.1,@SCPublicRadio,,Twitter,both,
561,559,South Carolina,Greenville,Greenville,WEPR,FM,90.1,@SCPublicRadio,,Twitter,both,
562,560,South Carolina,Orangeburg,Orangeburg,WSSB,FM,90.3,@SCPublicRadio,,Twitter,both,
563,561,South Carolina,Rock Hill,Rock Hill,WNSC,FM,88.9,@SCPublicRadio,,Twitter,both,
564,630,Virginia,Roanoke,Roanoke,WVTF,FM,89.1,@Uva_Wise,,Twitter,both,
565,487,Ohio,Columbus,Columbus,WCBE,FM,90.5,@WCBE905Columbus,,Twitter,both,
566,486,Ohio,Cleveland,Cleveland,WCPN,FM,90.3,@WCPN,,Twitter,both,
567,628,Virginia,Norfolk,,WNSB,FM,91.1,@wcve,,Twitter,left_only,
568,533,Pennsylvania,Allentown,Allentown,WDIY,FM,88.1,@WDIYFM,,Twitter,both,
569,576,Tennessee,Johnson City,Johnson City,WETS,FM,89.5,@WETSFM,,Twitter,both,
570,625,Virginia,Marion,Marion,WVTR,FM,91.9,@WHRO,,Twitter,both,
571,626,Virginia,Norfolk,Norfolk,WHRO,FM,90.3,@whrvfm,,Twitter,both,
572,542,Pennsylvania,Philadelphia,Philadelphia,WHYY,FM,90.9,@whyy,,Twitter,both,
573,535,Pennsylvania,Harrisburg,Harrisburg,WITF,FM,89.5,@WITF,,Twitter,both,
574,579,Tennessee,Memphis,Memphis,WKNO,FM,91.1,@WKNOFM,,Twitter,both,
575,493,Ohio,Kent,Kent,WKSU,FM,89.7,@WKSU,,Twitter,both,
576,612,US Virgin Islands,St. Thomas,,WVGN,FM,107.3,@WKUF943,,Twitter,left_only,
577,621,Virginia,Christiansburg,Christiansburg,WWVT,AM,1260.0,@WMLUradio,,Twitter,both,
578,580,Tennessee,Murfreesboro,Murfreesboro,WMOT,FM,89.5,@WMOT,,Twitter,both,
579,622,Virginia,Farmville,Farmville,WMLU,FM,91.3,@WMRAPublicRadio,,Twitter,both,
580,551,Puerto Rico,San Juan,,WOSO,AM,1030.0,@WOSO1030AM,,Twitter,left_only,
581,488,Ohio,Columbus,,WOSU,AM,820.0,@WOSU,,Twitter,left_only,
582,481,Ohio,Cambridge,Cambridge,WOUC,FM,89.1,@wouc,,Twitter,both,
583,578,Tennessee,Madison,Madison,WPLN,AM,1430.0,@WPLN,,Twitter,both,
584,581,Tennessee,Nashville,Nashville,WPLN,FM,90.3,@WPLN,,Twitter,both,
585,549,Pennsylvania,State College,State College,WPSU,FM,91.5,@WPSU,,Twitter,both,
586,539,Pennsylvania,Johnstown,Johnstown,WQEJ,FM,89.7,@wqed,,Twitter,both,
587,546,Pennsylvania,Pittsburgh,Pittsburgh,WQED,FM,89.3,@WQEDFM,,Twitter,both,
588,534,Pennsylvania,Erie,Erie,WQLN,FM,91.3,@WQLN,,Twitter,both,
589,543,Pennsylvania,Philadelphia,Philadelphia,WRTI,FM,90.1,@WRTImusic,,Twitter,both,
590,613,Vermont,Bennington,Bennington,WBTN,FM,94.3,@WRUVFM,,Twitter,both,
591,577,Tennessee,Knoxville,Knoxville,WUOT,FM,91.9,@WUOTFM,,Twitter,both,
592,572,Tennessee,Chattanooga,Chattanooga,WUTC,FM,88.1,@WUTC_FM,,Twitter,both,
593,629,Virginia,Richmond,Richmond,WCVE,FM,88.9,@WVFTRADIOIQ,,Twitter,both,
594,548,Pennsylvania,Scranton,Scranton,WVIA,FM,89.9,@WVIATVFM,,Twitter,both,
595,544,Pennsylvania,Philadelphia,Philadelphia,WXPN,FM,88.5,@wxpnfm,,Twitter,both,
596,547,Pennsylvania,Pittsburgh,Pittsburgh,WYEP,FM,91.3,@WYEP,,Twitter,both,
597,505,Ohio,Yellow Springs,Yellow Springs,WYSO,FM,91.3,@WYSO,,Twitter,both,
598,506,Ohio,Youngstown,Youngstown,WYSU,FM,88.5,@WYSU,,Twitter,both,
599,588,Texas,Corpus Christi,Corpus Christi,KEDT,FM,90.3,@YourKEDT,,Twitter,both,
600,66,California,Northridge,Northridge,KCSN,FM,88.5,@885fmsocal,,Twitter,both,
601,246,Kentucky,Richmond,Richmond,WEKU,FM,88.9,@889weku,,Twitter,both,
602,28,Alaska,McGrath,,KSKO,AM,870.0,@89point5_KSKO,,Twitter,left_only,
603,68,California,Pacific Grove,Seaside,KAZU,FM,90.3,@903kazu,,Twitter,both,
604,54,California,Arcata,Arcata,KHSU,FM,90.5,@905khsu,,Twitter,both,
605,203,Indiana,Goshen,,WGCS,FM,91.1,@911TheGlobe,,Twitter,left_only,
606,9,Alabama,Muscle Shoals,Muscle Shoals,WQPR,FM,88.7,@Alpublicradio,,Twitter,both,
607,10,Alabama,Selma,Selma,WAPR,FM,88.3,@Alpublicradio,,Twitter,both,
608,11,Alabama,Tuscaloosa,Tuscaloosa,WUAL,FM,91.5,@Alpublicradio,,Twitter,both,
609,95,Colorado,Aspen,Aspen,KAJX,FM,91.5,@aspenpubradio,,Twitter,both,
610,44,Arizona,Tucson,Tucson,KUAZ,AM,1550.0,@azpm,,Twitter,both,
611,45,Arizona,Tucson,Tucson,KUAZ,FM,89.1,@azpm,,Twitter,both,
612,36,Arizona,Flagstaff,Flagstaff,KPUB,FM,91.7,@AZPubRadio,,Twitter,both,
613,37,Arizona,Flagstaff,Flagstaff,KNAU,FM,88.7,@AZPubRadio,,Twitter,both,
614,38,Arizona,Grand Canyon,Grand Canyon,KNAG,FM,90.3,@AZPubRadio,,Twitter,both,
615,42,Arizona,Prescott,Prescott,KNAQ,FM,89.3,@AZPubRadio,,Twitter,both,
616,43,Arizona,Show Low,Show Low,KNAA,FM,90.7,@AZPubRadio,,Twitter,both,
617,175,Idaho,Twin Falls,Twin Falls,KBSW,FM,91.7,@BSX915,,Twitter,both,
618,173,Idaho,Rexburg,Rexburg,KBYI,FM,100.5,@byuidahoradio,,Twitter,both,
619,88,California,Stockton,Sacramento,KUOP,FM,91.3,@capradionews,,Twitter,both,
620,89,California,Tahoe City,Tahoe City,KKTO,FM,90.5,@capradionews,,Twitter,both,
621,74,California,Sacramento,,KXJZ,FM,88.9,@capradionews,,Twitter,left_only,
622,75,California,Sacramento,,KXPR,FM,90.9,@capradionews,,Twitter,left_only,
623,63,California,Los Angeles,Los Angeles,KUSC,FM,91.5,@classicalkusc,,Twitter,both,
624,83,California,Santa Barbara,,KFAC,FM,88.7,@Classicalkusc,,Twitter,left_only,
625,179,Illinois,DeKalb,,WNIU,FM,90.5,@classicalwniu,,Twitter,left_only,
626,96,Colorado,Boulder,Boulder,KCFC,AM,1490.0,@copublicradio,,Twitter,both,
627,108,Colorado,Montrose,Montrose,KPRH,FM,88.3,@copublicradio,,Twitter,both,
628,111,Colorado,Pueblo,Pueblo,KCFP,FM,91.9,@copublicradio,,Twitter,both,
629,112,Colorado,Pueblo,Pueblo,KKPC,AM,1230.0,@copublicradio,,Twitter,both,
630,114,Colorado,Vail,Vail,KPRE,FM,89.9,@copublicradio,,Twitter,both,
631,101,Colorado,Delta,Delta,KPRU,FM,103.3,@cprclassical,,Twitter,both,
632,102,Colorado,Denver,,KCFR,AM,1340.0,@cprclassical,,Twitter,left_only,
633,104,Colorado,Denver,,KVOD,FM,90.1,@cprclassical,,Twitter,left_only,
634,159,Georgia,Warm Springs,Warm Springs,WJSP,FM,88.1,@gpbnewmedia,,Twitter,both,
635,148,Georgia,Augusta,Augusta,WACG,FM,90.7,@gpbradioaugusta,,Twitter,both,
636,156,Georgia,Savannah,Savannah,WSVH,FM,91.1,@gpbsavannah,,Twitter,both,
637,157,Georgia,Tifton,Tifton,WABR,FM,91.1,@gpbsavannah,,Twitter,both,
638,226,Kansas,Garden City,Garden City,KANZ,FM,91.1,@hppr,,Twitter,both,
639,228,Kansas,Hill City,Hill City,KZNA,FM,90.5,@hppr,,Twitter,both,
640,198,Indiana,Anderson,Anderson,WBSB,FM,89.5,@INPublicRadio,,Twitter,both,
641,204,Indiana,Hagerstown,Hagerstown,WBSH,FM,91.1,@INPublicRadio,,Twitter,both,
642,207,Indiana,Marion,Marion,WBSW,FM,90.9,@INPublicRadio,,Twitter,both,
643,208,Indiana,Muncie,Muncie,WBST,FM,92.1,@INPublicRadio,,Twitter,both,
644,211,Indiana,Portland,Portland,WBSJ,FM,91.7,@INpublicradio,,Twitter,both,
645,214,Iowa,Ames,Ames,WOI,AM,640.0,@iowapublicradio,,Twitter,both,
646,215,Iowa,Ames,Ames,WOI,FM,90.1,@iowapublicradio,,Twitter,both,
647,216,Iowa,Cedar Falls,Cedar Falls,KUNI,FM,90.9,@iowapublicradio,,Twitter,both,
648,220,Iowa,Iowa City,Iowa City,WSUI,AM,910.0,@iowapublicradio,,Twitter,both,
649,221,Iowa,Iowa City,Iowa City,KSUI,FM,91.7,@iowapublicradio,,Twitter,both,
650,222,Iowa,Mason City,Mason City,KRNI,AM,1010.0,@iowapublicradio,,Twitter,both,
651,299,Michigan,Interlochen,Interlochen,WIAA,FM,88.7,@IPRNewsRadio,,Twitter,both,
652,311,Michigan,Traverse City,Traverse City,WICA,FM,91.5,@iprnewsradio,,Twitter,both,
653,217,Iowa,Cedar Rapids,Cedar Rapids,KCCK,FM,88.3,@jazz883kcck,,Twitter,both,
654,146,Georgia,Atlanta,Atlanta,WCLK,FM,91.9,@Jazz919WCLKatl,,Twitter,both,
655,79,California,San Francisco,San Francisco,KALW,FM,91.7,@kalw,,Twitter,both,
656,51,Arkansas,Jonesboro,Jonesboro,KASU,FM,91.9,@kasuradio,,Twitter,both,
657,48,Arizona,Yuma,Yuma,KAWC,FM,88.9,@kawc,,Twitter,both,
658,47,Arizona,Yuma,,KAWC,AM,1320.0,@kawc,,Twitter,left_only,
659,321,Minnesota,Grand Rapids,Grand Rapids,KAXE,FM,91.7,@KAXE,,Twitter,both,
660,40,Arizona,Phoenix,Phoenix,KBAQ,FM,89.5,@kbaq,,Twitter,both,
661,22,Alaska,Homer,Homer,KBBI,AM,890.0,@KBBINews,,Twitter,both,
662,346,Missouri,Columbia,Columbia,KBIA,FM,91.3,@kbia,,Twitter,both,
663,355,Montana,Bozeman,Bozeman,KBMC,FM,102.1,@kbmc,,Twitter,both,
664,166,Idaho,Boise,Boise,KBSU,FM,90.3,@kbsu903,,Twitter,both,
665,165,Idaho,Boise,,KBSU,AM,730.0,@kbsu903,,Twitter,left_only,
666,167,Idaho,Boise,Boise,KBSX,FM,91.5,@kbsx915,,Twitter,both,
667,170,Idaho,McCall,McCall,KBSM,FM,91.7,@KBSX915,,Twitter,both,
668,100,Colorado,Crested Butte,Crested Butte,KBUT,FM,90.3,@kbutradio,,Twitter,both,
669,81,California,San Luis Obispo,San Luis Obispo,KCBX,FM,90.1,@kcbxfm,,Twitter,both,
670,27,Alaska,McCarthy,McCarthy,KXKM,FM,89.7,@kchuradio,,Twitter,both,
671,34,Alaska,Valdez,Valdez,KCHU,AM,770.0,@kchuradio,,Twitter,both,
672,90,California,Thousand Oaks,Thousand Oaks,KCLU,FM,88.3,@kclulive,,Twitter,both,
673,61,California,Indio,Indio,KCRI,FM,89.3,@kcrw,,Twitter,both,
674,67,California,Oxnard,Oxnard,KCRU,FM,89.1,@kcrw,,Twitter,both,
675,85,California,Santa Monica,Los Angeles,KCRW,FM,89.9,@kcrw,,Twitter,both,
676,86,California,Santa Monica,Santa Monica,KCRW,FM,89.9,@kcrw,,Twitter,both,
677,82,California,San Mateo,San Mateo,KCSM,FM,91.1,@kcsmjazz91,,Twitter,both,
678,348,Missouri,Kansas City,Kansas City,KCUR,FM,89.3,@kcur,,Twitter,both,
679,17,Alaska,Dillingham,Dillingham,KDLG,AM,670.0,@kdlgradio,,Twitter,both,
680,97,Colorado,Carbondale,,KDNK,FM,90.5,@kdnkradio,,Twitter,left_only,
681,252,Louisana,Monroe,,KEDM,FM,90.3,@kedmpublicradio,,Twitter,left_only,
682,354,Montana,Billings,Billings,KEMC,FM,91.7,@kemc,,Twitter,both,
683,29,Alaska,Petersburg,Petersburg,KFSK,FM,100.9,@KFSK1,,Twitter,both,
684,21,Alaska,Haines,Haines,KHNS,FM,102.3,@KHNS_FM,,Twitter,both,
685,62,California,Long Beach,,KKJZ,FM,88.1,@kjazz881,,Twitter,left_only,
686,41,Arizona,Phoenix,Phoenix,KJZZ,FM,91.5,@kjzzphoenix,,Twitter,both,
687,233,Kansas,Wichita,Wichita,KMUW,FM,89.1,@kmuw,,Twitter,both,
688,26,Alaska,Kodiak,Kodiak,KMXT,FM,100.1,@kmxtnews,,Twitter,both,
689,360,Montana,Havre,,KNMC,FM,90.1,@KNMCradio,,Twitter,left_only,
690,347,Missouri,Columbia,Columbia,KOPN,FM,89.5,@kopnfm,,Twitter,both,
691,113,Colorado,Telluride,Telluride,KOTO,FM,91.7,@koto_radio,,Twitter,both,
692,78,California,San Diego,San Diego,KPBS,FM,89.5,@kpbsnews,,Twitter,both,
693,70,California,Pasadena,Los Angeles,KPCC,FM,89.3,@kpcc,,Twitter,both,
694,71,California,Pasadena,Pasadena,KPCC,FM,89.3,@kpcc,,Twitter,both,
695,65,California,North Hollywood,,KPFK,FM,90.7,@KPFK,,Twitter,left_only,
696,161,Guam,Agana,,KPRG,FM,89.3,@kprgfm,,Twitter,left_only,
697,225,Kansas,Emporia,Emporia,KANH,FM,89.7,@kprnews,,Twitter,both,
698,230,Kansas,Lawrence,Lawrence,KANU,FM,91.5,@kprnews,,Twitter,both,
699,80,California,San Francisco,San Francisco,KQED,FM,88.5,@kqed,,Twitter,both,
700,25,Alaska,Ketchikan,Ketchikan,KRBD,FM,105.9,@KRBDRadio,,Twitter,both,
701,87,California,Santa Rosa,Santa Rosa,KRCB,FM,91.1,@krcbtv22,,Twitter,both,
702,98,Colorado,Colorado Springs,Colorado Springs,KRCC,FM,91.5,@krcc,,Twitter,both,
703,344,Missouri,Cape Girardeau,Cape Girardeau,KRCU,FM,90.9,@krcufm,,Twitter,both,
704,231,Kansas,Pittsburg,Pittsburg,KRPS,FM,89.9,@krps899,,Twitter,both,
705,251,Louisana,Lafayette,,KRVS,FM,88.7,@krvsmedia,,Twitter,left_only,
706,94,Colorado,Alamosa,Alamosa,KRZA,FM,88.7,@krzaradio,,Twitter,both,
707,99,Colorado,Cortez,Cortez,KSJD,FM,91.5,@ksjdradio,,Twitter,both,
708,12,Alaska,Anchorage,Anchorage,KSKA,FM,91.1,@kska,,Twitter,both,
709,69,California,Palm Springs,Palm Springs,KPSC,FM,88.5,@kspc,,Twitter,both,
710,35,Alaska,Wrangell,Wrangell,KSTK,FM,101.7,@kstkradio,,Twitter,both,
711,107,Colorado,Ignacio,Ignacio,KSUT,FM,91.3,@ksut,,Twitter,both,
712,32,Alaska,Talkeetna,Talkeetna,KTNA,FM,88.5,@ktna,,Twitter,both,
713,23,Alaska,Juneau,Juneau,KTOO,FM,104.3,@KTOOpubmedia,,Twitter,both,
714,18,Alaska,Fairbanks,Fairbanks,KUAC,FM,89.9,@kuacfmtv,,Twitter,both,
715,50,Arkansas,Fayetteville,Fayetteville,KUAF,FM,91.3,@kuaf,,Twitter,both,
716,53,Arkansas,Little Rock,Little Rock,KUAR,FM,89.1,@kuarpublicradio,,Twitter,both,
717,106,Colorado,Greeley,Greeley,KUNC,FM,91.5,@kunc,,Twitter,both,
718,84,California,Santa Cruz,,KUSP,FM,88.9,@kusp,,Twitter,left_only,
719,103,Colorado,Denver,Denver,KUVO,FM,89.3,@kuvojazz,,Twitter,both,
720,77,California,San Bernardino,San Bernardino,KVCR,FM,91.9,@kvcr_tvfm,,Twitter,both,
721,109,Colorado,Montrose,Montrose,KVMT,FM,89.1,@kvnfradio,,Twitter,both,
722,110,Colorado,Paonia,Paonia,KVNF,FM,90.9,@kvnfradio,,Twitter,both,
723,55,California,Bakersfield,Bakersfield,KPRX,FM,89.1,@kvpr,,Twitter,both,
724,59,California,Fresno,Fresno,KVPR,FM,89.3,@kvpr,,Twitter,both,
725,224,Iowa,Sioux City,Sioux City,KWIT,FM,90.3,@kwitkoji,,Twitter,both,
726,349,Missouri,Maryville,Maryville,KXCV,FM,90.5,@kxcvkrnw,,Twitter,both,
727,13,Alaska,Barrow,Barrow,KBRW,AM,680.0,@kyuknews,,Twitter,both,
728,14,Alaska,Barrow,Barrow,KBRW,FM,91.9,@kyuknews,,Twitter,both,
729,15,Alaska,Bethel,Bethel,KYUK,AM,640.0,@kyuknews,,Twitter,both,
730,72,California,Philo,Philo,KZYX,FM,90.7,@kzyxmusic,,Twitter,both,
731,92,California,Willits,Willits,KZYZ,FM,91.5,@kzyzfm,,Twitter,both,
732,302,Michigan,Lansing,,WLNZ,FM,89.7,@LCCRadio,,Twitter,left_only,
733,256,Maine,Bangor,Bangor,WMEH,FM,90.9,@MainePublic,,Twitter,both,
734,257,Maine,Calais,Calais,WMED,FM,89.7,@MainePublic,,Twitter,both,
735,260,Maine,Presque Isle,Presque Isle,WMEM,FM,106.1,@mainepublic,,Twitter,both,
736,261,Maine,Waterville,Waterville,WMEW,FM,91.3,@mainepublic,,Twitter,both,
737,288,Michigan,Ann Arbor,Ann Arbor,WUOM,FM,91.7,@MichiganRadio,,Twitter,both,
738,294,Michigan,Flint,Flint,WFUM,FM,91.1,@michiganradio,,Twitter,both,
739,296,Michigan,Grand Rapids,Grand Rapids,WVGR,FM,104.1,@michiganradio,,Twitter,both,
740,337,Mississippi,Jackson,Jackson,WMPN,FM,91.3,@MPBNews,@MPBOnline,Twitter,both,
741,259,Maine,Lewiston,Portland,WMEA,FM,90.1,@MPBNnews,,Twitter,both,
742,331,Mississippi,Biloxi,Biloxi,WMAH,FM,90.3,@mpbonline,,Twitter,both,
743,338,Mississippi,Lorman,Lorman,WPRL,FM,91.7,@mpbonline,,Twitter,both,
744,339,Mississippi,Meridian,Meridian,WMAW,FM,88.1,@mpbonline,,Twitter,both,
745,341,Mississippi,Oxford,Oxford,WMAV,FM,90.3,@mpbonline,,Twitter,both,
746,315,Minnesota,Appleton,Appleton,KNCM,FM,88.5,@mprnews,,Twitter,both,
747,316,Minnesota,Bemidji,Bemidji,KNBJ,FM,91.3,@mprnews,,Twitter,both,
748,318,Minnesota,Buhl,Buhl,WIRN,FM,92.5,@mprnews,,Twitter,both,
749,319,Minnesota,Collegeville,St. Cloud,KNSR,FM,88.9,@mprnews,,Twitter,both,
750,320,Minnesota,Duluth,Cloquet,WSCN,FM,100.5,@mprnews,,Twitter,both,
751,322,Minnesota,La Crescent,La Crescent,KXLC,FM,91.1,@mprnews,,Twitter,both,
752,323,Minnesota,Moorhead,Moorhead,KCCD,FM,90.3,@mprnews,,Twitter,both,
753,325,Minnesota,Rochester,Rochester,KMSE,FM,88.7,@mprnews,,Twitter,both,
754,327,Minnesota,St. Paul,Minneapolis,KNOW,FM,91.1,@mprnews,,Twitter,both,
755,328,Minnesota,St. Peters,Mankato,KNGA,FM,91.5,@mprnews,,Twitter,both,
756,330,Minnesota,Worthington,Worthington,KNSW,FM,91.7,@mprnews,,Twitter,both,
757,324,Minnesota,Northfield,,WCAL,FM,89.3,@mprnews,,Twitter,left_only,
758,326,Minnesota,Rochester,,KZSE,FM,90.7,@mprnews,,Twitter,left_only,
759,244,Kentucky,Morehead,Morehead,WMKY,FM,90.3,@mspr903fm,,Twitter,both,
760,361,Montana,Helena,Helena,KUHM,FM,91.7,@mtpublicradio,,Twitter,both,
761,362,Montana,Kalispell,Kalispell,KUKL,FM,89.9,@mtpublicradio,,Twitter,both,
762,364,Montana,Missoula,Missoula,KUFM,FM,89.1,@mtpublicradio,,Twitter,both,
763,143,Georgia,Albany,Albany,WUNV,FM,91.7,@mygpb,,Twitter,both,
764,149,Georgia,Brunswick,Brunswick,WWIO,FM,89.1,@mygpb,,Twitter,both,
765,152,Georgia,Dahlonega,Dahlonega,WNGU,FM,89.5,@mygpb,,Twitter,both,
766,153,Georgia,Demorest,Demorest,WPPR,FM,88.3,@mygpb,,Twitter,both,
767,154,Georgia,Ft. Gaines,Fort Gaines,WJWV,FM,90.9,@mygpb,,Twitter,both,
768,158,Georgia,Valdosta,Valdosta,WWET,FM,91.7,@mygpb,,Twitter,both,
769,160,Georgia,Waycross,Waycross,WXVS,FM,90.1,@mygpb,,Twitter,both,
770,155,Georgia,Macon,,WDCO,FM,89.7,@mygpb,,Twitter,left_only,
771,368,Nebraska,Hastings,Hastings,KHNE,FM,89.1,@NETNebraska,,Twitter,both,
772,193,Illinois,Springfield,Springfield,WUIS,FM,91.9,@nprillinois,,Twitter,both,
773,57,California,Chico,Chico,KCHO,FM,91.7,@nsprnews,,Twitter,both,
774,73,California,Redding,Redding,KFPR,FM,88.9,@nsprnews,,Twitter,both,
775,171,Idaho,Moscow,Moscow,KRFA,FM,91.7,@nwpbclassical,,Twitter,both,
776,24,Alaska,Kenai,Kenai,KDLL,FM,91.9,@pickle_hill,,Twitter,both,
777,229,Kansas,Hutchinson,Hutchinson,KHCC,FM,90.1,@radiokansas,,Twitter,both,
778,232,Kansas,Salina,Salina,KHCD,FM,89.5,@radiokansas,,Twitter,both,
779,30,Alaska,Sitka,Sitka,KCAW,FM,104.7,@ravenradio,,Twitter,both,
780,248,Louisana,Alexandria,,KLSA,FM,90.7,@rrrpublicradio,,Twitter,left_only,
781,254,Louisana,Shreveport,,KDAQ,FM,89.9,@rrrpublicradio,,Twitter,left_only,
782,168,Idaho,Bonners Ferry,Bonners Ferry,KIBX,FM,92.1,@sprlocalnews,,Twitter,both,
783,249,Louisana,Baton Rouge,,WBRH,FM,90.3,@talk1073,,Twitter,left_only,
784,329,Minnesota,Thief River Falls,Thief River Falls,KNTN,FM,102.7,@TRFRADIO,,Twitter,both,
785,182,Illinois,LaSalle,LaSalle,WNIW,FM,91.5,@tristatespr,,Twitter,both,
786,183,Illinois,Macomb,Macomb,WIUM,FM,91.3,@tristatespr,,Twitter,both,
787,1,Alabama,Dothan,Dothan,WRWA,FM,88.7,@troypublicradio,,Twitter,both,
788,8,Alabama,Montgomery/Troy,Montgomery/Troy,WTSU,FM,89.9,@troypublicradio,,Twitter,both,
789,151,Georgia,Columbus,Columbus,WTJB,FM,91.7,@TROYUNews,,Twitter,both,
790,145,Georgia,Atlanta,Atlanta,WABE,FM,90.1,@wabenews,,Twitter,both,
791,276,Massachusetts,Great Barrington,Great Barrington,WAMQ,FM,105.1,@wamcradio,,Twitter,both,
792,122,District of Columbia,Washington,Washington,WAMU,FM,88.5,@wamu885,,Twitter,both,
793,206,Indiana,Lafayette,West Lafayette,WBAA,AM,920.0,@wbaanews,@wbaaradio,Twitter,both,
794,213,Indiana,West Lafayette,West Lafayette,WBAA,FM,101.3,@wbaaradio,@wbaanews,Twitter,both,
795,178,Illinois,Chicago,Chicago,WBEZ,FM,91.5,@wbez,,Twitter,both,
796,0,Alabama,Birmingham,Birmingham,WBHM,FM,90.3,@WBHM,,Twitter,both,
797,2,Alabama,Gadsden,Gadsden,WSGN,FM,91.5,@WBHM903,,Twitter,both,
798,202,Indiana,Fort Wayne,,WBNI,FM,89.1,@WBNI941,,Twitter,left_only,
799,210,Indiana,Orland,,WBOI,FM,91.3,@wboi,,Twitter,left_only,
800,272,Massachusetts,Boston,Boston,WBUR,FM,90.9,@WBUR,,Twitter,both,
801,282,Massachusetts,W.Yarmouth,,WBUR,AM,1240.0,@wbur,,Twitter,left_only,
802,283,Massachusetts,Woods Hole,Woods Hole,WCAI,FM,90.1,@wcai_npr,,Twitter,both,
803,187,Illinois,Peoria,Peoria,WCBU,FM,89.9,@WCBURadio,,Twitter,both,
804,287,Michigan,Alpena,Alpena,WCML,FM,91.7,@wcmunews,,Twitter,both,
805,297,Michigan,Harbor Springs,Harbor Springs,WCMW,FM,103.9,@wcmunews,,Twitter,both,
806,305,Michigan,Mt. Pleasant,Mt. Pleasant,WCMU,FM,89.5,@WCMUNews,@WCMUTV,Twitter,both,
807,309,Michigan,Sault Ste. Marie,Sault Ste. Marie,WCMZ,FM,98.3,@wcmunews,@wcmutv,Twitter,both,
808,290,Michigan,Detroit,Detroit,WDET,FM,101.9,@wdet,,Twitter,both,
809,162,Hawaii,Honolulu,Honolulu,KHPR,FM,88.1,@wearehpr,,Twitter,both,
810,163,Hawaii,Honolulu,Honolulu,KIPO,FM,89.3,@wearehpr,,Twitter,both,
811,120,Connecticut,Willimantic,Willimantic,WECS,FM,90.1,@wecsfm,,Twitter,both,
812,314,Michigan,Ypsilanti,Ypsilanti,WEMU,FM,89.1,@wemu891,,Twitter,both,
813,123,District of Columbia,Washington,Washington,WETA,FM,90.9,@wetatvfm,,Twitter,both,
814,270,Massachusetts,Amherst,Amherst,WFCR,FM,88.5,@wfcr885,,Twitter,both,
815,177,Illinois,Champaign,,WEFT,FM,90.1,@WFETradio,,Twitter,left_only,
816,130,Florida,Melbourne,Melbourne,WFIT,FM,89.5,@wfit895fm,,Twitter,both,
817,199,Indiana,Bloomington,Bloomington,WFIU,FM,103.7,@wfiu,,Twitter,both,
818,242,Kentucky,Louisville,Louisville,WFPK,FM,91.9,@wfpk,,Twitter,both,
819,243,Kentucky,Louisville,Louisville,WFPL,FM,89.3,@wfplnews,,Twitter,both,
820,134,Florida,Panama City,Panama City,WFSW,FM,89.1,@wfsu,,Twitter,both,
821,138,Florida,Tallahassee,Tallahassee,WFSQ,FM,91.5,@wfsumedia,,Twitter,both,
822,139,Florida,Tallahassee,Tallahassee,WFSU,FM,88.9,@wfsumedia,,Twitter,both,
823,205,Indiana,Indianapolis,Indianapolis,WFYI,FM,90.1,@wfyi,,Twitter,both,
824,273,Massachusetts,Boston,Boston,WGBH,FM,89.7,@wgbh,,Twitter,both,
825,124,Florida,Ft. Myers,Ft. Myers,WGCU,FM,90.1,@wgcu,,Twitter,both,
826,185,Illinois,Normal,Normal,WGLT,FM,89.1,@wgltnews,,Twitter,both,
827,286,Michigan,Allendale,Allendale,WGVU,FM,88.5,@WGVUPublicMedia,,Twitter,both,
828,301,Michigan,Kentwood,Kentwood,WGVU,AM,1480.0,@WGVUPublicMedia,,Twitter,both,
829,6,Alabama,Mobile,Mobile,WHIL,FM,91.3,@WHILFM,,Twitter,both,
830,285,Massachusetts,Worcester,Worcester,WICN,FM,90.5,@WICN905,,Twitter,both,
831,195,Illinois,Urbana,Urbana,WILL,AM,580.0,@willpublicmedia,,Twitter,both,
832,196,Illinois,Urbana,,WILL,FM,90.9,@willpublicmedia,,Twitter,left_only,
833,3,Alabama,Huntsville,Huntsville,WJAB,FM,90.9,@WJAB-TV,,Twitter,both,
834,128,Florida,Jacksonville,Jacksonville,WJCT,FM,89.9,@wjctjax,,Twitter,both,
835,292,Michigan,East Lansing,East Lansing,WKAR,AM,870.0,@wkar,,Twitter,both,
836,293,Michigan,East Lansing,East Lansing,WKAR,FM,90.5,@wkar,,Twitter,both,
837,135,Florida,Panama City,Panama City,WKGC,AM,1480.0,@WKGCNews,,Twitter,both,
838,136,Florida,Panama City,Panama City,WKGC,FM,90.7,@WKGCNews,,Twitter,both,
839,269,Maryland,Worton,Worton,WKHS,FM,90.5,@wkhsradio,,Twitter,both,
840,245,Kentucky,Murray,Murray,WKMS,FM,91.3,@wkms,,Twitter,both,
841,235,Kentucky,Bowling Green,Bowling Green,WKYU,FM,88.9,@wkupublicradio,,Twitter,both,
842,236,Kentucky,Elizabethtown,Elizabethtown,WKUE,FM,90.9,@wkupublicradio,,Twitter,both,
843,239,Kentucky,Henderson,Henderson,WKPB,FM,89.5,@wkupublicradio,,Twitter,both,
844,247,Kentucky,Somerset,Somerset,WDCL,FM,89.7,@wkupublicradio,,Twitter,both,
845,5,Alabama,Jacksonville,Jacksonville,WLJS,FM,91.9,@WLJS_919,,Twitter,both,
846,4,Alabama,Huntsville,Huntsville,WLRH,FM,89.3,@WLRH_893FMHD,,Twitter,both,
847,131,Florida,Miami,Miami,WLRN,FM,91.3,@wlrn,,Twitter,both,
848,132,Florida,Orlando,Orlando,WMFE,FM,90.7,@wmfeorlando,,Twitter,both,
849,140,Florida,Tampa,Tampa,WMNF,FM,88.5,@wmnf,,Twitter,both,
850,300,Michigan,Kalamazoo,Kalamazoo,WMUK,FM,102.1,@wmuk1021,,Twitter,both,
851,191,Illinois,Rockford,DeKalb,WNIJ,FM,89.5,@wnijnews,,Twitter,both,
852,192,Illinois,Rockford,Rockford,WNIJ,FM,89.5,@wnijnews,,Twitter,both,
853,194,Illinois,Sterling,Sterling,WNIQ,FM,91.5,@wnijnews,,Twitter,both,
854,201,Indiana,Evansville,Evansville,WNIN,FM,88.3,@WNIN,,Twitter,both,
855,240,Kentucky,Highland Heights,,WNKU,FM,89.7,@wnku,,Twitter,left_only,
856,304,Michigan,Marquette,Marquette,WNMU,FM,90.1,@WNMU,,Twitter,both,
857,118,Connecticut,Stamford,Stamford,WEDW,FM,88.5,@wnpr,,Twitter,both,
858,116,Connecticut,Meriden,,WPKT,FM,90.5,@wnpr,,Twitter,left_only,
859,117,Connecticut,Norwich,,WNPR,FM,89.1,@wnpr,,Twitter,left_only,
860,125,Florida,Ft. Pierce,Ft. Pierce,WQCS,FM,88.9,@wqcsnews,,Twitter,both,
861,188,Illinois,Pittsfield,Pittsfield,WIPA,FM,89.3,@wqub,,Twitter,both,
862,147,Georgia,Atlanta,,WRFG,FM,89.3,@wrfgatlanta,,Twitter,left_only,
863,250,Louisana,Baton Rouge,,WRKF,FM,89.3,@wrkf,,Twitter,left_only,
864,121,Delaware,Dover,Dover,WRTX,FM,91.7,@wrtimusic,,Twitter,both,
865,237,Kentucky,Georgetown,,WRVG,FM,89.9,@wrvg,,Twitter,left_only,
866,266,Maryland,Ocean City,Ocean City,WSDL,FM,90.7,@wscl_wsdl,,Twitter,both,
867,268,Maryland,Salisbury,Salisbury,WSCL,FM,89.5,@wscl_wsdl,,Twitter,both,
868,281,Massachusetts,Sandwich,Sandwich,WSDH,FM,91.5,@WSDHradio,,Twitter,both,
869,115,Connecticut,Fairfield,Fairfield,WSHU,FM,91.1,@wshupublicradio,,Twitter,both,
870,119,Connecticut,Westport,Westport,WSHU,AM,1260.0,@wshupublicradio,,Twitter,both,
871,180,Illinois,Edwardsville,Edwardsville,WSIE,FM,88.7,@wsie887thesound,,Twitter,both,
872,184,Illinois,Mt.Vernon,Mt. Vernon,WVSI,FM,88.9,@wsiuradio,,Twitter,both,
873,186,Illinois,Olney,Olney,WUSI,FM,90.3,@wsiuradio,,Twitter,both,
874,176,Illinois,Carbondale,Carbondale,WSIU,FM,91.9,@wsiutv,,Twitter,both,
875,133,Florida,Orlando,Orlando,WUCF,FM,89.9,@wucftv,,Twitter,both,
876,289,Michigan,Bay City,Bay City,WUCX,FM,90.1,@wucx,,Twitter,both,
877,127,Florida,Inverness,Inverness,WJUF,FM,90.1,@wuftmedia,,Twitter,both,
878,126,Florida,Gainesville,Gainesville,WUFT,FM,89.1,@wuftnews,,Twitter,both,
879,144,Georgia,Athens,Athens,WUGA,FM,91.7,@wugafm,,Twitter,both,
880,241,Kentucky,Lexington,Lexington,WUKY,FM,91.3,@wuky,,Twitter,both,
881,274,Massachusetts,Boston,Boston,WUMB,FM,91.9,@wumbradio,,Twitter,both,
882,275,Massachusetts,Falmouth,Falmouth,WFPB,FM,91.9,@wumbradio,,Twitter,both,
883,280,Massachusetts,Orleans,Orleans,WFPB,AM,1170.0,@wumbradio,,Twitter,both,
884,284,Massachusetts,Worcester,Worcester,WBPR,FM,91.9,@wumbradio,,Twitter,both,
885,279,Massachusetts,Newburyport,,WNAF,FM,91.7,@wumbradio,,Twitter,left_only,
886,141,Florida,Tampa,Tampa,WUSF,FM,89.7,@wusf,,Twitter,both,
887,137,Florida,Pensacola,Pensacola,WUWF,FM,88.1,@wuwf,,Twitter,both,
888,7,Alabama,Montgomery,Montgomery,WVAS,FM,90.7,@WVAS,,Twitter,both,
889,190,Illinois,Rock Island,Rock Island,WVIK,FM,90.3,@wvikfm,,Twitter,both,
890,200,Indiana,Elkhart,Elkhart,WVPE,FM,88.1,@wvpe,,Twitter,both,
891,253,Louisana,New Orleans,,WWNO,FM,89.9,@wwno,,Twitter,left_only,
892,255,Louisana,Thibodaux,,KTLN,FM,90.5,@wwno,,Twitter,left_only,
893,142,Florida,West Palm Beach,,WXEL,FM,90.7,@wxeltv,,Twitter,left_only,
894,263,Maryland,Baltimore,Baltimore,WYPR,FM,88.1,@wypr881FM,,Twitter,both,
895,264,Maryland,Frostburg,Frostburg,WFWM,FM,91.9,@xfsrfrostburg,,Twitter,both,
