County,State,FIPS
Alameda,California,6001
Alpine,California,6003
Amador,California,6005
Butte,California,6007
Butte,California,16023
Butte,California,46019
Calaveras,California,6009
Colusa,California,6011
Contra Costa,California,6013
Del Norte,California,6015
El Dorado,California,6017
Fresno,California,6019
Glenn,California,6021
Humboldt,California,6023
Humboldt,California,19091
Humboldt,California,32013
Imperial,California,6025
Inyo,California,6027
Kern,California,6029
Kings,California,6031
Kings,California,36047
Lake,California,6033
Lake,California,8065
Lake,California,12069
Lake,California,17097
Lake,California,18089
Lake,California,26085
Lake,California,27075
Lake,California,30047
Lake,California,39085
Lake,California,41037
Lake,California,46079
Lake,California,47095
Lake,Colorado,6033
Lake,Colorado,8065
Lake,Colorado,12069
Lake,Colorado,17097
Lake,Colorado,18089
Lake,Colorado,26085
Lake,Colorado,27075
Lake,Colorado,30047
Lake,Colorado,39085
Lake,Colorado,41037
Lake,Colorado,46079
Lake,Colorado,47095
Lake,Illinois,6033
Lake,Illinois,8065
Lake,Illinois,12069
Lake,Illinois,17097
Lake,Illinois,18089
Lake,Illinois,26085
Lake,Illinois,27075
Lake,Illinois,30047
Lake,Illinois,39085
Lake,Illinois,41037
Lake,Illinois,46079
Lake,Illinois,47095
Lake,Oregon,6033
Lake,Oregon,8065
Lake,Oregon,12069
Lake,Oregon,17097
Lake,Oregon,18089
Lake,Oregon,26085
Lake,Oregon,27075
Lake,Oregon,30047
Lake,Oregon,39085
Lake,Oregon,41037
Lake,Oregon,46079
Lake,Oregon,47095
Lassen,California,6035
Los Angeles,California,6037
Madera,California,6039
Marin,California,6041
Mariposa,California,6043
Mendocino,California,6045
Merced,California,6047
Modoc,California,6049
Mono,California,6051
Monterey,California,6053
Napa,California,6055
Nevada,California,5099
Nevada,California,6057
Orange,California,6059
Orange,California,12095
Orange,California,18117
Orange,California,36071
Orange,California,37135
Orange,California,48361
Orange,California,50017
Orange,California,51137
Orange,Vermont,6059
Orange,Vermont,12095
Orange,Vermont,18117
Orange,Vermont,36071
Orange,Vermont,37135
Orange,Vermont,48361
Orange,Vermont,50017
Orange,Vermont,51137
Placer,California,6061
Plumas,California,6063
Riverside,California,6065
Sacramento,California,6067
San Benito,California,6069
San Bernardino,California,6071
San Diego,California,6073
San Francisco,California,6075
San Joaquin,California,6077
San Luis Obispo,California,6079
San Mateo,California,6081
Santa Barbara,California,6083
Santa Clara,California,6085
Santa Cruz,California,4023
Santa Cruz,California,6087
Shasta,California,6089
Sierra,California,6091
Sierra,California,35051
Sierra,New Mexico,6091
Sierra,New Mexico,35051
Siskiyou,California,6093
Solano,California,6095
Sonoma,California,6097
Stanislaus,California,6099
Sutter,California,6101
Tehama,California,6103
Trinity,California,6105
Trinity,California,48455
Tulare,California,6107
Tuolumne,California,6109
Ventura,California,6111
Yolo,California,6113
Yuba,California,6115
Adams,Colorado,8001
Adams,Colorado,16003
Adams,Colorado,17001
Adams,Colorado,18001
Adams,Colorado,19003
Adams,Colorado,28001
Adams,Colorado,31001
Adams,Colorado,38001
Adams,Colorado,39001
Adams,Colorado,42001
Adams,Colorado,53001
Adams,Colorado,55001
Adams,Illinois,8001
Adams,Illinois,16003
Adams,Illinois,17001
Adams,Illinois,18001
Adams,Illinois,19003
Adams,Illinois,28001
Adams,Illinois,31001
Adams,Illinois,38001
Adams,Illinois,39001
Adams,Illinois,42001
Adams,Illinois,53001
Adams,Illinois,55001
Alamosa,Colorado,8003
Arapahoe,Colorado,8005
Archuleta,Colorado,8007
Baca,Colorado,8009
Bent,Colorado,8011
Boulder,Colorado,8013
Chaffee,Colorado,8015
Cheyenne,Colorado,8017
Cheyenne,Colorado,20023
Cheyenne,Colorado,31033
Clear Creek,Colorado,8019
Conejos,Colorado,8021
Costilla,Colorado,8023
Crowley,Colorado,8025
Custer,Colorado,8027
Custer,Colorado,16037
Custer,Colorado,30017
Custer,Colorado,31041
Custer,Colorado,40039
Custer,Colorado,46033
Delta,Colorado,8029
Delta,Colorado,26041
Delta,Colorado,48119
Denver,Colorado,8031
Dolores,Colorado,8033
Douglas,Colorado,8035
Douglas,Colorado,13097
Douglas,Colorado,17041
Douglas,Colorado,20045
Douglas,Colorado,27041
Douglas,Colorado,29067
Douglas,Colorado,31055
Douglas,Colorado,32005
Douglas,Colorado,41019
Douglas,Colorado,46043
Douglas,Colorado,53017
Douglas,Colorado,55031
Douglas,Illinois,8035
Douglas,Illinois,13097
Douglas,Illinois,17041
Douglas,Illinois,20045
Douglas,Illinois,27041
Douglas,Illinois,29067
Douglas,Illinois,31055
Douglas,Illinois,32005
Douglas,Illinois,41019
Douglas,Illinois,46043
Douglas,Illinois,53017
Douglas,Illinois,55031
Douglas,Oregon,8035
Douglas,Oregon,13097
Douglas,Oregon,17041
Douglas,Oregon,20045
Douglas,Oregon,27041
Douglas,Oregon,29067
Douglas,Oregon,31055
Douglas,Oregon,32005
Douglas,Oregon,41019
Douglas,Oregon,46043
Douglas,Oregon,53017
Douglas,Oregon,55031
Eagle,Colorado,8037
Elbert,Colorado,8039
Elbert,Colorado,13105
El Paso,Colorado,8041
El Paso,Colorado,48141
Fremont,Colorado,8043
Fremont,Colorado,16043
Fremont,Colorado,19071
Fremont,Colorado,56013
Garfield,Colorado,8045
Garfield,Colorado,30033
Garfield,Colorado,31071
Garfield,Colorado,40047
Garfield,Colorado,49017
Garfield,Colorado,53023
Gilpin,Colorado,8047
Grand,Colorado,8049
Grand,Colorado,49019
Gunnison,Colorado,8051
Hinsdale,Colorado,8053
Huerfano,Colorado,8055
Jackson,Colorado,1071
Jackson,Colorado,5067
Jackson,Colorado,8057
Jackson,Colorado,12063
Jackson,Colorado,13157
Jackson,Colorado,17077
Jackson,Colorado,18071
Jackson,Colorado,19097
Jackson,Colorado,20085
Jackson,Colorado,21109
Jackson,Colorado,22049
Jackson,Colorado,26075
Jackson,Colorado,27063
Jackson,Colorado,28059
Jackson,Colorado,29095
Jackson,Colorado,37099
Jackson,Colorado,39079
Jackson,Colorado,40065
Jackson,Colorado,41029
Jackson,Colorado,46071
Jackson,Colorado,47087
Jackson,Colorado,48239
Jackson,Colorado,54035
Jackson,Colorado,55053
Jackson,Illinois,1071
Jackson,Illinois,5067
Jackson,Illinois,8057
Jackson,Illinois,12063
Jackson,Illinois,13157
Jackson,Illinois,17077
Jackson,Illinois,18071
Jackson,Illinois,19097
Jackson,Illinois,20085
Jackson,Illinois,21109
Jackson,Illinois,22049
Jackson,Illinois,26075
Jackson,Illinois,27063
Jackson,Illinois,28059
Jackson,Illinois,29095
Jackson,Illinois,37099
Jackson,Illinois,39079
Jackson,Illinois,40065
Jackson,Illinois,41029
Jackson,Illinois,46071
Jackson,Illinois,47087
Jackson,Illinois,48239
Jackson,Illinois,54035
Jackson,Illinois,55053
Jackson,Oregon,1071
Jackson,Oregon,5067
Jackson,Oregon,8057
Jackson,Oregon,12063
Jackson,Oregon,13157
Jackson,Oregon,17077
Jackson,Oregon,18071
Jackson,Oregon,19097
Jackson,Oregon,20085
Jackson,Oregon,21109
Jackson,Oregon,22049
Jackson,Oregon,26075
Jackson,Oregon,27063
Jackson,Oregon,28059
Jackson,Oregon,29095
Jackson,Oregon,37099
Jackson,Oregon,39079
Jackson,Oregon,40065
Jackson,Oregon,41029
Jackson,Oregon,46071
Jackson,Oregon,47087
Jackson,Oregon,48239
Jackson,Oregon,54035
Jackson,Oregon,55053
Jefferson,Colorado,1073
Jefferson,Colorado,5069
Jefferson,Colorado,8059
Jefferson,Colorado,12065
Jefferson,Colorado,13163
Jefferson,Colorado,16051
Jefferson,Colorado,17081
Jefferson,Colorado,18077
Jefferson,Colorado,19101
Jefferson,Colorado,20087
Jefferson,Colorado,21111
Jefferson,Colorado,22051
Jefferson,Colorado,28063
Jefferson,Colorado,29099
Jefferson,Colorado,30043
Jefferson,Colorado,31095
Jefferson,Colorado,36045
Jefferson,Colorado,39081
Jefferson,Colorado,40067
Jefferson,Colorado,41031
Jefferson,Colorado,42065
Jefferson,Colorado,47089
Jefferson,Colorado,48245
Jefferson,Colorado,53031
Jefferson,Colorado,54037
Jefferson,Colorado,55055
Jefferson,Illinois,1073
Jefferson,Illinois,5069
Jefferson,Illinois,8059
Jefferson,Illinois,12065
Jefferson,Illinois,13163
Jefferson,Illinois,16051
Jefferson,Illinois,17081
Jefferson,Illinois,18077
Jefferson,Illinois,19101
Jefferson,Illinois,20087
Jefferson,Illinois,21111
Jefferson,Illinois,22051
Jefferson,Illinois,28063
Jefferson,Illinois,29099
Jefferson,Illinois,30043
Jefferson,Illinois,31095
Jefferson,Illinois,36045
Jefferson,Illinois,39081
Jefferson,Illinois,40067
Jefferson,Illinois,41031
Jefferson,Illinois,42065
Jefferson,Illinois,47089
Jefferson,Illinois,48245
Jefferson,Illinois,53031
Jefferson,Illinois,54037
Jefferson,Illinois,55055
Jefferson,Oregon,1073
Jefferson,Oregon,5069
Jefferson,Oregon,8059
Jefferson,Oregon,12065
Jefferson,Oregon,13163
Jefferson,Oregon,16051
Jefferson,Oregon,17081
Jefferson,Oregon,18077
Jefferson,Oregon,19101
Jefferson,Oregon,20087
Jefferson,Oregon,21111
Jefferson,Oregon,22051
Jefferson,Oregon,28063
Jefferson,Oregon,29099
Jefferson,Oregon,30043
Jefferson,Oregon,31095
Jefferson,Oregon,36045
Jefferson,Oregon,39081
Jefferson,Oregon,40067
Jefferson,Oregon,41031
Jefferson,Oregon,42065
Jefferson,Oregon,47089
Jefferson,Oregon,48245
Jefferson,Oregon,53031
Jefferson,Oregon,54037
Jefferson,Oregon,55055
Kiowa,Colorado,8061
Kiowa,Colorado,20097
Kiowa,Colorado,40075
Kit Carson,Colorado,8063
La Plata,Colorado,8067
Larimer,Colorado,8069
Las Animas,Colorado,8071
Lincoln,Colorado,5079
Lincoln,Colorado,8073
Lincoln,Colorado,13181
Lincoln,Colorado,16063
Lincoln,Colorado,20105
Lincoln,Colorado,21137
Lincoln,Colorado,22061
Lincoln,Colorado,23015
Lincoln,Colorado,27081
Lincoln,Colorado,28085
Lincoln,Colorado,29113
Lincoln,Colorado,30053
Lincoln,Colorado,31111
Lincoln,Colorado,32017
Lincoln,Colorado,35027
Lincoln,Colorado,37109
Lincoln,Colorado,40081
Lincoln,Colorado,41041
Lincoln,Colorado,46083
Lincoln,Colorado,47103
Lincoln,Colorado,53043
Lincoln,Colorado,54043
Lincoln,Colorado,55069
Lincoln,Colorado,56023
Lincoln,New Mexico,5079
Lincoln,New Mexico,8073
Lincoln,New Mexico,13181
Lincoln,New Mexico,16063
Lincoln,New Mexico,20105
Lincoln,New Mexico,21137
Lincoln,New Mexico,22061
Lincoln,New Mexico,23015
Lincoln,New Mexico,27081
Lincoln,New Mexico,28085
Lincoln,New Mexico,29113
Lincoln,New Mexico,30053
Lincoln,New Mexico,31111
Lincoln,New Mexico,32017
Lincoln,New Mexico,35027
Lincoln,New Mexico,37109
Lincoln,New Mexico,40081
Lincoln,New Mexico,41041
Lincoln,New Mexico,46083
Lincoln,New Mexico,47103
Lincoln,New Mexico,53043
Lincoln,New Mexico,54043
Lincoln,New Mexico,55069
Lincoln,New Mexico,56023
Lincoln,Oregon,5079
Lincoln,Oregon,8073
Lincoln,Oregon,13181
Lincoln,Oregon,16063
Lincoln,Oregon,20105
Lincoln,Oregon,21137
Lincoln,Oregon,22061
Lincoln,Oregon,23015
Lincoln,Oregon,27081
Lincoln,Oregon,28085
Lincoln,Oregon,29113
Lincoln,Oregon,30053
Lincoln,Oregon,31111
Lincoln,Oregon,32017
Lincoln,Oregon,35027
Lincoln,Oregon,37109
Lincoln,Oregon,40081
Lincoln,Oregon,41041
Lincoln,Oregon,46083
Lincoln,Oregon,47103
Lincoln,Oregon,53043
Lincoln,Oregon,54043
Lincoln,Oregon,55069
Lincoln,Oregon,56023
Logan,Colorado,5083
Logan,Colorado,8075
Logan,Colorado,17107
Logan,Colorado,20109
Logan,Colorado,21141
Logan,Colorado,31113
Logan,Colorado,38047
Logan,Colorado,39091
Logan,Colorado,40083
Logan,Colorado,54045
Logan,Illinois,5083
Logan,Illinois,8075
Logan,Illinois,17107
Logan,Illinois,20109
Logan,Illinois,21141
Logan,Illinois,31113
Logan,Illinois,38047
Logan,Illinois,39091
Logan,Illinois,40083
Logan,Illinois,54045
Mesa,Colorado,8077
Mineral,Colorado,8079
Mineral,Colorado,30061
Mineral,Colorado,32021
Mineral,Colorado,54057
Moffat,Colorado,8081
Montezuma,Colorado,8083
Montrose,Colorado,8085
Morgan,Colorado,1103
Morgan,Colorado,8087
Morgan,Colorado,13211
Morgan,Colorado,17137
Morgan,Colorado,18109
Morgan,Colorado,21175
Morgan,Colorado,29141
Morgan,Colorado,39115
Morgan,Colorado,47129
Morgan,Colorado,49029
Morgan,Colorado,54065
Morgan,Illinois,1103
Morgan,Illinois,8087
Morgan,Illinois,13211
Morgan,Illinois,17137
Morgan,Illinois,18109
Morgan,Illinois,21175
Morgan,Illinois,29141
Morgan,Illinois,39115
Morgan,Illinois,47129
Morgan,Illinois,49029
Morgan,Illinois,54065
Otero,Colorado,8089
Otero,Colorado,35035
Otero,New Mexico,8089
Otero,New Mexico,35035
Ouray,Colorado,8091
Park,Colorado,8093
Park,Colorado,30067
Park,Colorado,56029
Phillips,Colorado,5107
Phillips,Colorado,8095
Phillips,Colorado,20147
Phillips,Colorado,30071
Pitkin,Colorado,8097
Prowers,Colorado,8099
Pueblo,Colorado,8101
Rio Blanco,Colorado,8103
Rio Grande,Colorado,8105
Rio Grande,Colorado,72119
Routt,Colorado,8107
Saguache,Colorado,8109
San Juan,Colorado,8111
San Juan,Colorado,35045
San Juan,Colorado,49037
San Juan,Colorado,53055
San Juan,Colorado,72127
San Juan,New Mexico,8111
San Juan,New Mexico,35045
San Juan,New Mexico,49037
San Juan,New Mexico,53055
San Juan,New Mexico,72127
San Miguel,Colorado,8113
San Miguel,Colorado,35047
San Miguel,New Mexico,8113
San Miguel,New Mexico,35047
San Miguel,New Mexico,8113
San Miguel,New Mexico,35047
Sedgwick,Colorado,8115
Sedgwick,Colorado,20173
Summit,Colorado,8117
Summit,Colorado,39153
Summit,Colorado,49043
Teller,Colorado,8119
Washington,Colorado,1129
Washington,Colorado,5143
Washington,Colorado,8121
Washington,Colorado,11001
Washington,Colorado,12133
Washington,Colorado,13303
Washington,Colorado,16087
Washington,Colorado,17189
Washington,Colorado,18175
Washington,Colorado,19183
Washington,Colorado,20201
Washington,Colorado,21229
Washington,Colorado,22117
Washington,Colorado,23029
Washington,Colorado,24043
Washington,Colorado,27163
Washington,Colorado,28151
Washington,Colorado,29221
Washington,Colorado,31177
Washington,Colorado,36115
Washington,Colorado,37187
Washington,Colorado,39167
Washington,Colorado,40147
Washington,Colorado,41067
Washington,Colorado,42125
Washington,Colorado,44009
Washington,Colorado,47179
Washington,Colorado,48477
Washington,Colorado,49053
Washington,Colorado,50023
Washington,Colorado,51191
Washington,Colorado,55131
Washington,District of Columbia,1129
Washington,District of Columbia,5143
Washington,District of Columbia,8121
Washington,District of Columbia,11001
Washington,District of Columbia,12133
Washington,District of Columbia,13303
Washington,District of Columbia,16087
Washington,District of Columbia,17189
Washington,District of Columbia,18175
Washington,District of Columbia,19183
Washington,District of Columbia,20201
Washington,District of Columbia,21229
Washington,District of Columbia,22117
Washington,District of Columbia,23029
Washington,District of Columbia,24043
Washington,District of Columbia,27163
Washington,District of Columbia,28151
Washington,District of Columbia,29221
Washington,District of Columbia,31177
Washington,District of Columbia,36115
Washington,District of Columbia,37187
Washington,District of Columbia,39167
Washington,District of Columbia,40147
Washington,District of Columbia,41067
Washington,District of Columbia,42125
Washington,District of Columbia,44009
Washington,District of Columbia,47179
Washington,District of Columbia,48477
Washington,District of Columbia,49053
Washington,District of Columbia,50023
Washington,District of Columbia,51191
Washington,District of Columbia,55131
Washington,Illinois,1129
Washington,Illinois,5143
Washington,Illinois,8121
Washington,Illinois,11001
Washington,Illinois,12133
Washington,Illinois,13303
Washington,Illinois,16087
Washington,Illinois,17189
Washington,Illinois,18175
Washington,Illinois,19183
Washington,Illinois,20201
Washington,Illinois,21229
Washington,Illinois,22117
Washington,Illinois,23029
Washington,Illinois,24043
Washington,Illinois,27163
Washington,Illinois,28151
Washington,Illinois,29221
Washington,Illinois,31177
Washington,Illinois,36115
Washington,Illinois,37187
Washington,Illinois,39167
Washington,Illinois,40147
Washington,Illinois,41067
Washington,Illinois,42125
Washington,Illinois,44009
Washington,Illinois,47179
Washington,Illinois,48477
Washington,Illinois,49053
Washington,Illinois,50023
Washington,Illinois,51191
Washington,Illinois,55131
Washington,Oregon,1129
Washington,Oregon,5143
Washington,Oregon,8121
Washington,Oregon,11001
Washington,Oregon,12133
Washington,Oregon,13303
Washington,Oregon,16087
Washington,Oregon,17189
Washington,Oregon,18175
Washington,Oregon,19183
Washington,Oregon,20201
Washington,Oregon,21229
Washington,Oregon,22117
Washington,Oregon,23029
Washington,Oregon,24043
Washington,Oregon,27163
Washington,Oregon,28151
Washington,Oregon,29221
Washington,Oregon,31177
Washington,Oregon,36115
Washington,Oregon,37187
Washington,Oregon,39167
Washington,Oregon,40147
Washington,Oregon,41067
Washington,Oregon,42125
Washington,Oregon,44009
Washington,Oregon,47179
Washington,Oregon,48477
Washington,Oregon,49053
Washington,Oregon,50023
Washington,Oregon,51191
Washington,Oregon,55131
Washington,Vermont,1129
Washington,Vermont,5143
Washington,Vermont,8121
Washington,Vermont,11001
Washington,Vermont,12133
Washington,Vermont,13303
Washington,Vermont,16087
Washington,Vermont,17189
Washington,Vermont,18175
Washington,Vermont,19183
Washington,Vermont,20201
Washington,Vermont,21229
Washington,Vermont,22117
Washington,Vermont,23029
Washington,Vermont,24043
Washington,Vermont,27163
Washington,Vermont,28151
Washington,Vermont,29221
Washington,Vermont,31177
Washington,Vermont,36115
Washington,Vermont,37187
Washington,Vermont,39167
Washington,Vermont,40147
Washington,Vermont,41067
Washington,Vermont,42125
Washington,Vermont,44009
Washington,Vermont,47179
Washington,Vermont,48477
Washington,Vermont,49053
Washington,Vermont,50023
Washington,Vermont,51191
Washington,Vermont,55131
Weld,Colorado,8123
Yuma,Colorado,4027
Yuma,Colorado,8125
Hartford,Connecticut,9003
Alexander,Illinois,17003
Alexander,Illinois,37003
Bond,Illinois,17005
Boone,Illinois,5009
Boone,Illinois,17007
Boone,Illinois,18011
Boone,Illinois,19015
Boone,Illinois,21015
Boone,Illinois,29019
Boone,Illinois,31011
Boone,Illinois,54005
Brown,Illinois,17009
Brown,Illinois,18013
Brown,Illinois,20013
Brown,Illinois,27015
Brown,Illinois,31017
Brown,Illinois,39015
Brown,Illinois,46013
Brown,Illinois,48049
Brown,Illinois,55009
Bureau,Illinois,17011
Calhoun,Illinois,1015
Calhoun,Illinois,5013
Calhoun,Illinois,12013
Calhoun,Illinois,13037
Calhoun,Illinois,17013
Calhoun,Illinois,19025
Calhoun,Illinois,26025
Calhoun,Illinois,28013
Calhoun,Illinois,45017
Calhoun,Illinois,48057
Calhoun,Illinois,54013
Carroll,Illinois,5015
Carroll,Illinois,13045
Carroll,Illinois,17015
Carroll,Illinois,18015
Carroll,Illinois,19027
Carroll,Illinois,21041
Carroll,Illinois,24013
Carroll,Illinois,28015
Carroll,Illinois,29033
Carroll,Illinois,33003
Carroll,Illinois,39019
Carroll,Illinois,47017
Carroll,Illinois,51035
Cass,Illinois,17017
Cass,Illinois,18017
Cass,Illinois,19029
Cass,Illinois,26027
Cass,Illinois,27021
Cass,Illinois,29037
Cass,Illinois,31025
Cass,Illinois,38017
Cass,Illinois,48067
Champaign,Illinois,17019
Champaign,Illinois,39021
Christian,Illinois,17021
Christian,Illinois,21047
Christian,Illinois,29043
Clark,Illinois,5019
Clark,Illinois,16033
Clark,Illinois,17023
Clark,Illinois,18019
Clark,Illinois,20025
Clark,Illinois,21049
Clark,Illinois,29045
Clark,Illinois,32003
Clark,Illinois,39023
Clark,Illinois,46025
Clark,Illinois,53011
Clark,Illinois,55019
Clay,Illinois,1027
Clay,Illinois,5021
Clay,Illinois,12019
Clay,Illinois,13061
Clay,Illinois,17025
Clay,Illinois,18021
Clay,Illinois,19041
Clay,Illinois,20027
Clay,Illinois,21051
Clay,Illinois,27027
Clay,Illinois,28025
Clay,Illinois,29047
Clay,Illinois,31035
Clay,Illinois,37043
Clay,Illinois,46027
Clay,Illinois,47027
Clay,Illinois,48077
Clay,Illinois,54015
Clinton,Illinois,17027
Clinton,Illinois,18023
Clinton,Illinois,19045
Clinton,Illinois,21053
Clinton,Illinois,26037
Clinton,Illinois,29049
Clinton,Illinois,36019
Clinton,Illinois,39027
Clinton,Illinois,42035
Coles,Illinois,17029
Cook,Illinois,13075
Cook,Illinois,17031
Cook,Illinois,27031
Crawford,Illinois,5033
Crawford,Illinois,13079
Crawford,Illinois,17033
Crawford,Illinois,18025
Crawford,Illinois,19047
Crawford,Illinois,20037
Crawford,Illinois,26039
Crawford,Illinois,29055
Crawford,Illinois,39033
Crawford,Illinois,42039
Crawford,Illinois,55023
Cumberland,Illinois,17035
Cumberland,Illinois,21057
Cumberland,Illinois,23005
Cumberland,Illinois,34011
Cumberland,Illinois,37051
Cumberland,Illinois,42041
Cumberland,Illinois,47035
Cumberland,Illinois,51049
De Witt,Illinois,17039
De Witt,Illinois,48123
Edgar,Illinois,17045
Edwards,Illinois,17047
Edwards,Illinois,20047
Edwards,Illinois,48137
Effingham,Illinois,13103
Effingham,Illinois,17049
Fayette,Illinois,1057
Fayette,Illinois,13113
Fayette,Illinois,17051
Fayette,Illinois,18041
Fayette,Illinois,19065
Fayette,Illinois,21067
Fayette,Illinois,39047
Fayette,Illinois,42051
Fayette,Illinois,47047
Fayette,Illinois,48149
Fayette,Illinois,54019
Ford,Illinois,17053
Ford,Illinois,20057
Franklin,Illinois,1059
Franklin,Illinois,5047
Franklin,Illinois,12037
Franklin,Illinois,13119
Franklin,Illinois,16041
Franklin,Illinois,17055
Franklin,Illinois,18047
Franklin,Illinois,19069
Franklin,Illinois,20059
Franklin,Illinois,21073
Franklin,Illinois,22041
Franklin,Illinois,23007
Franklin,Illinois,25011
Franklin,Illinois,28037
Franklin,Illinois,29071
Franklin,Illinois,31061
Franklin,Illinois,36033
Franklin,Illinois,37069
Franklin,Illinois,39049
Franklin,Illinois,42055
Franklin,Illinois,47051
Franklin,Illinois,48159
Franklin,Illinois,50011
Franklin,Illinois,51067
Franklin,Illinois,53021
Franklin,Vermont,1059
Franklin,Vermont,5047
Franklin,Vermont,12037
Franklin,Vermont,13119
Franklin,Vermont,16041
Franklin,Vermont,17055
Franklin,Vermont,18047
Franklin,Vermont,19069
Franklin,Vermont,20059
Franklin,Vermont,21073
Franklin,Vermont,22041
Franklin,Vermont,23007
Franklin,Vermont,25011
Franklin,Vermont,28037
Franklin,Vermont,29071
Franklin,Vermont,31061
Franklin,Vermont,36033
Franklin,Vermont,37069
Franklin,Vermont,39049
Franklin,Vermont,42055
Franklin,Vermont,47051
Franklin,Vermont,48159
Franklin,Vermont,50011
Franklin,Vermont,51067
Franklin,Vermont,53021
Fulton,Illinois,5049
Fulton,Illinois,13121
Fulton,Illinois,17057
Fulton,Illinois,18049
Fulton,Illinois,21075
Fulton,Illinois,36035
Fulton,Illinois,39051
Fulton,Illinois,42057
Gallatin,Illinois,17059
Gallatin,Illinois,21077
Gallatin,Illinois,30031
Greene,Illinois,1063
Greene,Illinois,5055
Greene,Illinois,13133
Greene,Illinois,17061
Greene,Illinois,18055
Greene,Illinois,19073
Greene,Illinois,28041
Greene,Illinois,29077
Greene,Illinois,36039
Greene,Illinois,37079
Greene,Illinois,39057
Greene,Illinois,42059
Greene,Illinois,47059
Greene,Illinois,51079
Grundy,Illinois,17063
Grundy,Illinois,19075
Grundy,Illinois,29079
Grundy,Illinois,47061
Hamilton,Illinois,12047
Hamilton,Illinois,17065
Hamilton,Illinois,18057
Hamilton,Illinois,19079
Hamilton,Illinois,20075
Hamilton,Illinois,31081
Hamilton,Illinois,36041
Hamilton,Illinois,39061
Hamilton,Illinois,47065
Hamilton,Illinois,48193
Hancock,Illinois,13141
Hancock,Illinois,17067
Hancock,Illinois,18059
Hancock,Illinois,19081
Hancock,Illinois,21091
Hancock,Illinois,23009
Hancock,Illinois,28045
Hancock,Illinois,39063
Hancock,Illinois,47067
Hancock,Illinois,54029
Hardin,Illinois,17069
Hardin,Illinois,19083
Hardin,Illinois,21093
Hardin,Illinois,39065
Hardin,Illinois,47071
Hardin,Illinois,48199
Henderson,Illinois,17071
Henderson,Illinois,21101
Henderson,Illinois,37089
Henderson,Illinois,47077
Henderson,Illinois,48213
Henry,Illinois,1067
Henry,Illinois,13151
Henry,Illinois,17073
Henry,Illinois,18065
Henry,Illinois,19087
Henry,Illinois,21103
Henry,Illinois,29083
Henry,Illinois,39069
Henry,Illinois,47079
Henry,Illinois,51089
Iroquois,Illinois,17075
Jasper,Illinois,13159
Jasper,Illinois,17079
Jasper,Illinois,18073
Jasper,Illinois,19099
Jasper,Illinois,28061
Jasper,Illinois,29097
Jasper,Illinois,45053
Jasper,Illinois,48241
Jersey,Illinois,17083
Jo Daviess,Illinois,17085
Johnson,Illinois,5071
Johnson,Illinois,13167
Johnson,Illinois,17087
Johnson,Illinois,18081
Johnson,Illinois,19103
Johnson,Illinois,20091
Johnson,Illinois,21115
Johnson,Illinois,29101
Johnson,Illinois,31097
Johnson,Illinois,47091
Johnson,Illinois,48251
Johnson,Illinois,56019
Kane,Illinois,17089
Kane,Illinois,49025
Kankakee,Illinois,17091
Kendall,Illinois,17093
Kendall,Illinois,48259
Knox,Illinois,17095
Knox,Illinois,18083
Knox,Illinois,21121
Knox,Illinois,23013
Knox,Illinois,29103
Knox,Illinois,31107
Knox,Illinois,39083
Knox,Illinois,47093
Knox,Illinois,48275
La Salle,Illinois,17099
La Salle,Illinois,22059
La Salle,Illinois,48283
Lawrence,Illinois,1079
Lawrence,Illinois,5075
Lawrence,Illinois,17101
Lawrence,Illinois,18093
Lawrence,Illinois,21127
Lawrence,Illinois,28077
Lawrence,Illinois,29109
Lawrence,Illinois,39087
Lawrence,Illinois,42073
Lawrence,Illinois,46081
Lawrence,Illinois,47099
Lawrence,Massachusets,1079
Lawrence,Massachusets,5075
Lawrence,Massachusets,17101
Lawrence,Massachusets,18093
Lawrence,Massachusets,21127
Lawrence,Massachusets,28077
Lawrence,Massachusets,29109
Lawrence,Massachusets,39087
Lawrence,Massachusets,42073
Lawrence,Massachusets,46081
Lawrence,Massachusets,47099
Lee,Illinois,1081
Lee,Illinois,5077
Lee,Illinois,12071
Lee,Illinois,13177
Lee,Illinois,17103
Lee,Illinois,19111
Lee,Illinois,21129
Lee,Illinois,28081
Lee,Illinois,37105
Lee,Illinois,45061
Lee,Illinois,48287
Lee,Illinois,51105
Livingston,Illinois,17105
Livingston,Illinois,21139
Livingston,Illinois,22063
Livingston,Illinois,26093
Livingston,Illinois,29117
Livingston,Illinois,36051
McDonough,Illinois,17109
McHenry,Illinois,17111
McHenry,Illinois,38049
McLean,Illinois,17113
McLean,Illinois,21149
McLean,Illinois,38055
Macon,Illinois,1087
Macon,Illinois,13193
Macon,Illinois,17115
Macon,Illinois,29121
Macon,Illinois,37113
Macon,Illinois,47111
Macoupin,Illinois,17117
Madison,Illinois,1089
Madison,Illinois,5087
Madison,Illinois,12079
Madison,Illinois,13195
Madison,Illinois,16065
Madison,Illinois,17119
Madison,Illinois,18095
Madison,Illinois,19121
Madison,Illinois,21151
Madison,Illinois,22065
Madison,Illinois,28089
Madison,Illinois,29123
Madison,Illinois,30057
Madison,Illinois,31119
Madison,Illinois,36053
Madison,Illinois,37115
Madison,Illinois,39097
Madison,Illinois,47113
Madison,Illinois,48313
Madison,Illinois,51113
Marion,Illinois,1093
Marion,Illinois,5089
Marion,Illinois,12083
Marion,Illinois,13197
Marion,Illinois,17121
Marion,Illinois,18097
Marion,Illinois,19125
Marion,Illinois,20115
Marion,Illinois,21155
Marion,Illinois,28091
Marion,Illinois,29127
Marion,Illinois,39101
Marion,Illinois,41047
Marion,Illinois,45067
Marion,Illinois,47115
Marion,Illinois,48315
Marion,Illinois,54049
Marion,Oregon,1093
Marion,Oregon,5089
Marion,Oregon,12083
Marion,Oregon,13197
Marion,Oregon,17121
Marion,Oregon,18097
Marion,Oregon,19125
Marion,Oregon,20115
Marion,Oregon,21155
Marion,Oregon,28091
Marion,Oregon,29127
Marion,Oregon,39101
Marion,Oregon,41047
Marion,Oregon,45067
Marion,Oregon,47115
Marion,Oregon,48315
Marion,Oregon,54049
Marshall,Illinois,1095
Marshall,Illinois,17123
Marshall,Illinois,18099
Marshall,Illinois,19127
Marshall,Illinois,20117
Marshall,Illinois,21157
Marshall,Illinois,27089
Marshall,Illinois,28093
Marshall,Illinois,40095
Marshall,Illinois,46091
Marshall,Illinois,47117
Marshall,Illinois,54051
Mason,Illinois,17125
Mason,Illinois,21161
Mason,Illinois,26105
Mason,Illinois,48319
Mason,Illinois,53045
Mason,Illinois,54053
Massac,Illinois,17127
Menard,Illinois,17129
Menard,Illinois,48327
Mercer,Illinois,17131
Mercer,Illinois,21167
Mercer,Illinois,29129
Mercer,Illinois,34021
Mercer,Illinois,38057
Mercer,Illinois,39107
Mercer,Illinois,42085
Mercer,Illinois,54055
Monroe,Illinois,1099
Monroe,Illinois,5095
Monroe,Illinois,12087
Monroe,Illinois,13207
Monroe,Illinois,17133
Monroe,Illinois,18105
Monroe,Illinois,19135
Monroe,Illinois,21171
Monroe,Illinois,26115
Monroe,Illinois,28095
Monroe,Illinois,29137
Monroe,Illinois,36055
Monroe,Illinois,39111
Monroe,Illinois,42089
Monroe,Illinois,47123
Monroe,Illinois,54063
Monroe,Illinois,55081
Montgomery,Illinois,1101
Montgomery,Illinois,5097
Montgomery,Illinois,13209
Montgomery,Illinois,17135
Montgomery,Illinois,18107
Montgomery,Illinois,19137
Montgomery,Illinois,20125
Montgomery,Illinois,21173
Montgomery,Illinois,24031
Montgomery,Illinois,28097
Montgomery,Illinois,29139
Montgomery,Illinois,36057
Montgomery,Illinois,37123
Montgomery,Illinois,39113
Montgomery,Illinois,42091
Montgomery,Illinois,47125
Montgomery,Illinois,48339
Montgomery,Illinois,51121
Moultrie,Illinois,17139
Ogle,Illinois,17141
Peoria,Illinois,17143
Perry,Illinois,1105
Perry,Illinois,5105
Perry,Illinois,17145
Perry,Illinois,18123
Perry,Illinois,21193
Perry,Illinois,28111
Perry,Illinois,29157
Perry,Illinois,39127
Perry,Illinois,42099
Perry,Illinois,47135
Piatt,Illinois,17147
Pike,Illinois,1109
Pike,Illinois,5109
Pike,Illinois,13231
Pike,Illinois,17149
Pike,Illinois,18125
Pike,Illinois,21195
Pike,Illinois,28113
Pike,Illinois,29163
Pike,Illinois,39131
Pike,Illinois,42103
Pope,Illinois,5115
Pope,Illinois,17151
Pope,Illinois,27121
Pulaski,Illinois,5119
Pulaski,Illinois,13235
Pulaski,Illinois,17153
Pulaski,Illinois,18131
Pulaski,Illinois,21199
Pulaski,Illinois,29169
Pulaski,Illinois,51155
Putnam,Illinois,12107
Putnam,Illinois,13237
Putnam,Illinois,17155
Putnam,Illinois,18133
Putnam,Illinois,29171
Putnam,Illinois,36079
Putnam,Illinois,39137
Putnam,Illinois,47141
Putnam,Illinois,54079
Randolph,Illinois,1111
Randolph,Illinois,5121
Randolph,Illinois,13243
Randolph,Illinois,17157
Randolph,Illinois,18135
Randolph,Illinois,29175
Randolph,Illinois,37151
Randolph,Illinois,54083
Richland,Illinois,17159
Richland,Illinois,22083
Richland,Illinois,30083
Richland,Illinois,38077
Richland,Illinois,39139
Richland,Illinois,45079
Richland,Illinois,55103
Rock Island,Illinois,17161
Saline,Illinois,5125
Saline,Illinois,17165
Saline,Illinois,20169
Saline,Illinois,29195
Saline,Illinois,31151
Sangamon,Illinois,17167
Schuyler,Illinois,17169
Schuyler,Illinois,29197
Schuyler,Illinois,36097
Scott,Illinois,5127
Scott,Illinois,17171
Scott,Illinois,18143
Scott,Illinois,19163
Scott,Illinois,20171
Scott,Illinois,21209
Scott,Illinois,27139
Scott,Illinois,28123
Scott,Illinois,29201
Scott,Illinois,47151
Scott,Illinois,51169
Shelby,Illinois,1117
Shelby,Illinois,17173
Shelby,Illinois,18145
Shelby,Illinois,19165
Shelby,Illinois,21211
Shelby,Illinois,29205
Shelby,Illinois,39149
Shelby,Illinois,47157
Shelby,Illinois,48419
Stark,Illinois,17175
Stark,Illinois,38089
Stark,Illinois,39151
Stephenson,Illinois,17177
Tazewell,Illinois,17179
Tazewell,Illinois,51185
Union,Illinois,5139
Union,Illinois,12125
Union,Illinois,13291
Union,Illinois,17181
Union,Illinois,18161
Union,Illinois,19175
Union,Illinois,21225
Union,Illinois,22111
Union,Illinois,28145
Union,Illinois,34039
Union,Illinois,35059
Union,Illinois,37179
Union,Illinois,39159
Union,Illinois,41061
Union,Illinois,42119
Union,Illinois,45087
Union,Illinois,46127
Union,Illinois,47173
Union,New Mexico,5139
Union,New Mexico,12125
Union,New Mexico,13291
Union,New Mexico,17181
Union,New Mexico,18161
Union,New Mexico,19175
Union,New Mexico,21225
Union,New Mexico,22111
Union,New Mexico,28145
Union,New Mexico,34039
Union,New Mexico,35059
Union,New Mexico,37179
Union,New Mexico,39159
Union,New Mexico,41061
Union,New Mexico,42119
Union,New Mexico,45087
Union,New Mexico,46127
Union,New Mexico,47173
Union,Oregon,5139
Union,Oregon,12125
Union,Oregon,13291
Union,Oregon,17181
Union,Oregon,18161
Union,Oregon,19175
Union,Oregon,21225
Union,Oregon,22111
Union,Oregon,28145
Union,Oregon,34039
Union,Oregon,35059
Union,Oregon,37179
Union,Oregon,39159
Union,Oregon,41061
Union,Oregon,42119
Union,Oregon,45087
Union,Oregon,46127
Union,Oregon,47173
Vermilion,Illinois,17183
Vermilion,Illinois,22113
Wabash,Illinois,17185
Wabash,Illinois,18169
Warren,Illinois,13301
Warren,Illinois,17187
Warren,Illinois,18171
Warren,Illinois,19181
Warren,Illinois,21227
Warren,Illinois,28149
Warren,Illinois,29219
Warren,Illinois,34041
Warren,Illinois,36113
Warren,Illinois,37185
Warren,Illinois,39165
Warren,Illinois,42123
Warren,Illinois,47177
Warren,Illinois,51187
Wayne,Illinois,13305
Wayne,Illinois,17191
Wayne,Illinois,18177
Wayne,Illinois,19185
Wayne,Illinois,21231
Wayne,Illinois,26163
Wayne,Illinois,28153
Wayne,Illinois,29223
Wayne,Illinois,31179
Wayne,Illinois,36117
Wayne,Illinois,37191
Wayne,Illinois,39169
Wayne,Illinois,42127
Wayne,Illinois,47181
Wayne,Illinois,49055
Wayne,Illinois,54099
White,Illinois,5145
White,Illinois,13311
White,Illinois,17193
White,Illinois,18181
White,Illinois,47185
Whiteside,Illinois,17195
Will,Illinois,17197
Williamson,Illinois,17199
Williamson,Illinois,47187
Williamson,Illinois,48491
Winnebago,Illinois,17201
Winnebago,Illinois,19189
Winnebago,Illinois,55139
Woodford,Illinois,17203
Woodford,Illinois,21239
Baltimore,Maryland,24005
Amherst,Massachusets,51009
Bernalillo,New Mexico,35001
Catron,New Mexico,35003
Chaves,New Mexico,35005
Cibola,New Mexico,35006
Colfax,New Mexico,31037
Colfax,New Mexico,35007
Curry,New Mexico,35009
Curry,New Mexico,41015
Curry,Oregon,35009
Curry,Oregon,41015
De Baca,New Mexico,35011
Dona Ana,New Mexico,35013
Eddy,New Mexico,35015
Eddy,New Mexico,38027
Grant,New Mexico,5053
Grant,New Mexico,18053
Grant,New Mexico,20067
Grant,New Mexico,21081
Grant,New Mexico,22043
Grant,New Mexico,27051
Grant,New Mexico,31075
Grant,New Mexico,35017
Grant,New Mexico,38037
Grant,New Mexico,40053
Grant,New Mexico,41023
Grant,New Mexico,46051
Grant,New Mexico,53025
Grant,New Mexico,54023
Grant,New Mexico,55043
Grant,Oregon,5053
Grant,Oregon,18053
Grant,Oregon,20067
Grant,Oregon,21081
Grant,Oregon,22043
Grant,Oregon,27051
Grant,Oregon,31075
Grant,Oregon,35017
Grant,Oregon,38037
Grant,Oregon,40053
Grant,Oregon,41023
Grant,Oregon,46051
Grant,Oregon,53025
Grant,Oregon,54023
Grant,Oregon,55043
Guadalupe,New Mexico,35019
Guadalupe,New Mexico,48187
Harding,New Mexico,35021
Harding,New Mexico,46063
Hidalgo,New Mexico,35023
Hidalgo,New Mexico,48215
Lea,New Mexico,35025
Los Alamos,New Mexico,35028
Luna,New Mexico,35029
McKinley,New Mexico,35031
Mora,New Mexico,35033
Quay,New Mexico,35037
Rio Arriba,New Mexico,35039
Roosevelt,New Mexico,30085
Roosevelt,New Mexico,35041
Sandoval,New Mexico,35043
Santa Fe,New Mexico,35049
Socorro,New Mexico,35053
Taos,New Mexico,35055
Torrance,New Mexico,35057
Valencia,New Mexico,35061
Albany,New York,36001
Albany,New York,56001
Baker,Oregon,12003
Baker,Oregon,13007
Baker,Oregon,41001
Benton,Oregon,5007
Benton,Oregon,18007
Benton,Oregon,19011
Benton,Oregon,27009
Benton,Oregon,28009
Benton,Oregon,29015
Benton,Oregon,41003
Benton,Oregon,47005
Benton,Oregon,53005
Clackamas,Oregon,41005
Clatsop,Oregon,41007
Columbia,Oregon,5027
Columbia,Oregon,12023
Columbia,Oregon,13073
Columbia,Oregon,36021
Columbia,Oregon,41009
Columbia,Oregon,42037
Columbia,Oregon,53013
Columbia,Oregon,55021
Coos,Oregon,33007
Coos,Oregon,41011
Crook,Oregon,41013
Crook,Oregon,56011
Deschutes,Oregon,41017
Gilliam,Oregon,41021
Harney,Oregon,41025
Hood River,Oregon,41027
Josephine,Oregon,41033
Klamath,Oregon,41035
Lane,Oregon,20101
Lane,Oregon,41039
Linn,Oregon,19113
Linn,Oregon,20107
Linn,Oregon,29115
Linn,Oregon,41043
Malheur,Oregon,41045
Morrow,Oregon,39117
Morrow,Oregon,41049
Multnomah,Oregon,41051
Polk,Oregon,5113
Polk,Oregon,12105
Polk,Oregon,13233
Polk,Oregon,19153
Polk,Oregon,27119
Polk,Oregon,29167
Polk,Oregon,31143
Polk,Oregon,37149
Polk,Oregon,41053
Polk,Oregon,47139
Polk,Oregon,48373
Polk,Oregon,55095
Sherman,Oregon,20181
Sherman,Oregon,31163
Sherman,Oregon,41055
Sherman,Oregon,48421
Tillamook,Oregon,41057
Umatilla,Oregon,41059
Wallowa,Oregon,41063
Wasco,Oregon,41065
Wheeler,Oregon,13309
Wheeler,Oregon,31183
Wheeler,Oregon,41069
Wheeler,Oregon,48483
Yamhill,Oregon,41071
Philadelphia,Pennsylvania,42101
Providence,Rhode Island,44007
Addison,Vermont,50001
Bennington,Vermont,50003
Caledonia,Vermont,50005
Chittenden,Vermont,50007
Essex,Vermont,25009
Essex,Vermont,34013
Essex,Vermont,36031
Essex,Vermont,50009
Essex,Vermont,51057
Grand Isle,Vermont,50013
Lamoille,Vermont,50015
Orleans,Vermont,22071
Orleans,Vermont,36073
Orleans,Vermont,50019
Rutland,Vermont,50021
Windham,Vermont,9015
Windham,Vermont,50025
Windsor,Vermont,50027
