State,Agency Type,Agency name,"Race/
Ethnicity/
Ancestry",Religion,"Sexual
orientation",Disability,Gender,"Gender
Identity","1st
quarter","2nd
quarter","3rd
quarter","4th
quarter",Population
Alabama,Total,,8,0,2,0,0,0,,,,,
Alabama,Cities,,8,0,2,0,0,0,,,,,
Alabama,,Birmingham,3,0,2,0,0,0,1,1,1,2,"212,291"
Alabama,,Hoover,4,0,0,0,0,0,0,3,1,0,"85,163"
Alabama,,Prattville,1,0,0,0,0,0,0,1,,0,"35,637"
Alaska,Total,,7,0,1,0,0,0,,,,,
Alaska,Cities,,7,0,1,0,0,0,,,,,
Alaska,,Anchorage,4,0,1,0,0,0,1,1,2,1,"301,239"
Alaska,,Kotzebue,1,0,0,0,0,0,0,1,0,0,"3,304"
Alaska,,North Pole,1,0,0,0,0,0,0,1,0,0,"2,190"
Alaska,,Soldotna,1,0,0,0,0,0,0,0,0,1,"4,512"
Arizona,Total,,162,52,57,5,0,0,,,,,
Arizona,Cities,,157,49,57,5,0,0,,,,,
Arizona,,Apache Junction,2,0,0,0,0,0,1,1,0,0,"38,519"
Arizona,,Avondale,1,1,0,0,0,0,0,0,0,2,"80,533"
Arizona,,Chandler,1,0,0,0,0,0,0,0,1,0,"258,875"
Arizona,,El Mirage,0,1,0,0,0,0,0,1,0,0,"33,985"
Arizona,,Gilbert,3,1,0,0,0,0,2,1,1,0,"247,324"
Arizona,,Glendale,5,2,1,0,0,0,2,2,2,2,"240,374"
Arizona,,Holbrook,0,0,1,0,0,0,0,1,0,0,"5,007"
Arizona,,Mesa,2,2,0,0,0,0,1,0,1,2,"471,034"
Arizona,,Nogales,0,1,0,0,0,0,0,0,0,1,"20,312"
Arizona,,Phoenix,137,40,49,5,0,0,76,77,44,34,"1,559,744"
Arizona,,Prescott,1,0,0,0,0,0,1,,0,0,"41,393"
Arizona,,Scottsdale,1,1,1,0,0,0,2,0,1,0,"233,872"
Arizona,,Tucson,1,0,3,0,0,0,2,0,1,1,"529,675"
Arizona,,Williams,0,0,1,0,0,0,0,1,,,"3,110"
Arizona,,Yuma,3,0,1,0,0,0,0,2,1,1,"93,923"
Arizona,Universities and Colleges,,2,0,0,0,0,0,,,,,
Arizona,,"Arizona State University, Main Campus",2,0,0,0,0,0,1,1,0,0,"83,260"
Arizona,Metropolitan Counties,,3,2,0,0,0,0,,,,,
Arizona,,Maricopa,1,0,0,0,0,0,1,0,0,0,
Arizona,,Pima,1,1,0,0,0,0,0,2,0,0,
Arizona,,Pinal,1,0,0,0,0,0,,1,,,
Arizona,,Yavapai,0,1,0,0,0,0,1,0,0,0,
Arizona,Nonmetropolitan Counties,,0,1,0,0,0,0,,,,,
Arizona,,Graham,0,1,0,0,0,0,1,0,0,0,
Arkansas,Total,,3,0,2,0,0,0,,,,,
Arkansas,Cities,,1,0,2,0,0,0,,,,,
Arkansas,,Bryant,1,0,0,0,0,0,1,0,0,0,"20,404"
Arkansas,,Fort Smith,0,0,2,0,0,0,1,0,0,1,"87,603"
Arkansas,Metropolitan Counties,,1,0,0,0,0,0,,,,,
Arkansas,,Sebastian,1,0,0,0,0,0,0,1,0,0,
Arkansas,Nonmetropolitan Counties,,1,0,0,0,0,0,,,,,
Arkansas,,Boone,1,0,0,0,0,0,1,0,0,0,
California,Total,,427,191,188,4,1,26,,,,,
California,Cities,,349,158,155,1,0,24,,,,,
California,,Alameda,1,1,0,0,0,0,1,0,1,0,"78,613"
California,,Alhambra,0,1,0,0,0,0,0,0,1,0,"86,175"
California,,Antioch,5,2,1,0,0,0,2,1,2,3,"110,537"
California,,Azusa,2,1,0,0,0,0,0,2,1,0,"49,431"
California,,Bakersfield,1,0,3,0,0,0,3,0,0,1,"373,887"
California,,Banning,1,1,0,0,0,0,0,1,1,0,"31,030"
California,,Bellflower,1,1,0,0,0,0,0,1,0,1,"78,635"
California,,Bell Gardens,2,0,0,0,0,0,0,1,0,1,"43,411"
California,,Berkeley,2,1,1,0,0,0,0,1,0,3,"120,387"
California,,Beverly Hills,0,2,0,0,0,0,0,2,0,0,"35,054"
California,,Brisbane,1,0,1,0,0,0,0,1,0,1,"4,696"
California,,Buena Park,0,1,0,0,0,0,0,0,0,1,"83,684"
California,,Burbank,1,0,0,0,0,0,0,1,0,0,"105,865"
California,,Calabasas,1,0,0,0,0,0,0,0,1,0,"24,505"
California,,Camarillo,1,0,0,0,0,0,0,1,0,0,"67,325"
California,,Carmel,0,1,0,0,0,0,0,0,1,0,"3,913"
California,,Carson,3,0,0,0,0,0,1,1,1,0,"93,677"
California,,Chino Hills,0,1,0,0,0,0,0,0,0,1,"77,515"
California,,Chula Vista,1,0,2,0,0,0,0,1,1,1,"265,215"
California,,Citrus Heights,1,1,0,0,0,0,0,0,0,2,"86,853"
California,,Claremont,1,2,1,0,0,0,0,2,0,2,"36,331"
California,,Clearlake,5,2,0,0,0,0,2,0,3,2,"15,044"
California,,Clovis,1,1,0,0,0,0,0,0,1,1,"103,769"
California,,Coachella,0,1,0,0,0,0,0,0,0,1,"44,953"
California,,Colton,0,1,0,0,0,0,0,1,0,0,"54,503"
California,,Commerce,0,0,1,0,0,0,0,0,1,0,"13,137"
California,,Compton,1,0,1,0,0,0,0,1,1,0,"99,125"
California,,Concord,3,1,1,0,0,0,2,0,0,3,"128,767"
California,,Covina,1,0,0,0,0,0,1,0,0,0,"49,300"
California,,Cypress,1,1,0,0,0,0,1,1,0,0,"49,560"
California,,Daly City,1,0,1,0,0,0,1,0,1,0,"107,320"
California,,Davis,2,2,2,0,0,0,5,0,1,0,"67,034"
California,,Diamond Bar,2,0,0,0,0,0,1,0,1,0,"57,085"
California,,East Palo Alto,0,1,1,0,0,0,0,0,1,1,"29,864"
California,,El Cajon,0,0,1,0,0,0,1,0,0,0,"103,942"
California,,El Cerrito,2,0,0,0,0,0,0,1,1,0,"24,842"
California,,Elk Grove,2,0,0,0,0,0,1,0,1,0,"166,183"
California,,El Monte,2,0,1,0,0,0,2,0,0,1,"117,376"
California,,El Segundo,1,0,0,0,0,0,0,0,1,0,"17,164"
California,,Escondido,6,0,0,0,0,0,2,1,1,2,"151,732"
California,,Eureka,2,0,0,0,0,0,1,0,1,0,"26,858"
California,,Fairfield,0,0,1,0,0,0,0,0,1,0,"112,582"
California,,Firebaugh,1,0,0,0,0,0,1,0,0,0,"8,484"
California,,Folsom,2,0,0,0,0,0,0,0,1,1,"76,183"
California,,Fort Bragg,0,1,0,0,0,0,0,0,1,0,"7,310"
California,,Foster City,0,0,1,0,0,0,0,0,1,0,"33,313"
California,,Fremont,2,1,0,0,0,0,2,1,0,0,"232,427"
California,,Fresno,7,0,1,0,0,2,3,1,5,1,"520,837"
California,,Fullerton,1,0,0,0,0,1,1,0,0,1,"140,771"
California,,Galt,2,0,0,0,0,0,2,0,0,0,"25,106"
California,,Garden Grove,1,1,0,0,0,0,2,0,0,0,"176,041"
California,,Glendale,1,0,0,0,0,1,0,0,2,0,"202,298"
California,,Glendora,1,0,0,0,0,0,0,0,1,0,"51,753"
California,,Goleta,1,0,0,0,0,0,1,0,0,0,"31,011"
California,,Greenfield,0,0,1,0,0,0,0,0,1,0,"17,061"
California,,Gridley,1,0,0,0,0,0,0,0,0,1,"6,580"
California,,Hanford,1,2,0,0,0,0,0,1,0,2,"55,299"
California,,Hawaiian Gardens,2,0,0,0,0,0,1,0,0,1,"14,629"
California,,Hawthorne,3,0,1,0,0,0,1,0,2,1,"88,410"
California,,Hayward,3,1,0,0,0,0,0,1,3,0,"157,157"
California,,Hemet,2,0,0,0,0,0,1,0,0,1,"84,030"
California,,Hermosa Beach,1,0,0,0,0,0,1,0,0,0,"19,986"
California,,Hesperia,0,0,2,0,0,0,1,0,0,1,"93,348"
California,,Hollister,0,0,1,0,0,0,0,0,0,1,"37,604"
California,,Huntington Beach,0,2,1,0,0,1,0,1,1,2,"203,233"
California,,Huntington Park,3,0,1,0,0,0,3,0,1,0,"59,668"
California,,Imperial,1,0,0,0,0,0,0,1,0,0,"17,338"
California,,Imperial Beach,1,0,0,0,0,0,0,1,0,0,"27,341"
California,,Indio,1,0,0,0,0,0,0,0,1,0,"87,195"
California,,Industry,1,0,0,0,0,0,0,1,0,0,206
California,,Irvine,1,1,1,0,0,0,0,1,1,1,"258,198"
California,,Jurupa Valley,1,0,0,0,0,0,0,0,1,0,"99,706"
California,,Kerman,0,0,1,0,0,0,0,0,1,0,"14,595"
California,,Laguna Beach,1,0,1,0,0,0,0,0,2,0,"23,485"
California,,Lake Elsinore,0,0,1,0,0,0,1,0,0,0,"61,871"
California,,Lake Forest,4,0,0,0,0,0,0,0,1,3,"80,798"
California,,Lakewood,2,0,0,0,0,0,0,0,0,2,"82,047"
California,,La Mirada,1,1,0,0,0,0,1,0,0,1,"49,685"
California,,Lancaster,3,2,2,0,0,0,0,2,2,3,"162,095"
California,,Lawndale,0,0,1,0,0,0,1,0,0,0,"33,605"
California,,Lemoore,1,0,0,0,0,0,0,0,0,1,"25,348"
California,,Livermore,0,4,1,0,0,0,3,1,1,0,"88,316"
California,,Lodi,1,1,0,0,0,0,0,1,0,1,"64,369"
California,,Lomita,1,0,0,0,0,0,0,0,1,0,"20,893"
California,,Long Beach,6,0,6,0,0,0,3,3,4,2,"476,318"
California,,Los Alamitos,1,0,0,0,0,0,1,0,0,0,"11,789"
California,,Los Angeles,92,50,45,0,0,5,45,53,41,53,"3,962,726"
California,,Los Gatos,1,0,0,0,0,0,0,0,1,0,"31,044"
California,,Malibu,0,1,0,0,0,0,0,0,1,0,"13,033"
California,,Manhattan Beach,1,0,0,0,0,0,0,0,0,1,"36,065"
California,,Manteca,0,2,0,0,0,0,1,0,1,0,"75,019"
California,,Marina,0,0,1,0,0,0,1,0,0,0,"21,094"
California,,Marysville,1,0,0,0,0,0,1,0,0,0,"12,264"
California,,Menifee,1,0,0,0,0,0,0,1,0,0,"87,051"
California,,Merced,1,0,0,0,0,0,0,0,0,1,"82,409"
California,,Mission Viejo,1,0,0,0,0,0,0,0,0,1,"98,217"
California,,Modesto,4,0,0,0,0,0,0,2,0,2,"210,794"
California,,Montebello,0,1,0,0,0,0,1,0,0,0,"64,280"
California,,Monterey Park,2,1,1,0,0,0,3,0,1,0,"61,750"
California,,Moorpark,0,1,0,0,0,0,0,0,0,1,"35,804"
California,,Moreno Valley,0,0,1,0,0,0,0,0,0,1,"205,182"
California,,Napa,1,0,0,0,0,0,0,1,0,0,"80,749"
California,,National City,1,0,0,0,0,0,0,1,0,0,"60,768"
California,,Newark,0,1,0,0,0,0,0,0,0,1,"45,258"
California,,Newport Beach,1,1,0,0,0,0,2,0,0,0,"87,749"
California,,Norwalk,3,0,0,0,0,0,2,0,1,0,"107,470"
California,,Oakland,6,3,8,0,0,1,2,9,6,1,"419,481"
California,,Oceanside,1,1,0,0,0,0,0,0,1,1,"176,319"
California,,Ontario,0,1,1,0,0,0,0,0,0,2,"170,274"
California,,Orange,1,2,0,0,0,0,0,1,2,0,"140,572"
California,,Oxnard,7,0,0,0,0,0,0,4,3,0,"207,221"
California,,Palmdale,2,0,0,0,0,0,1,0,1,0,"159,613"
California,,Palm Desert,0,1,0,0,0,0,1,0,0,0,"51,847"
California,,Palm Springs,0,0,3,0,0,0,0,2,0,1,"47,388"
California,,Palo Alto,3,0,0,0,0,0,0,1,1,1,"67,560"
California,,Paramount,2,0,0,0,0,0,1,1,0,0,"55,727"
California,,Pasadena,0,0,2,0,0,0,0,0,1,1,"141,815"
California,,Placentia,1,0,0,1,0,0,0,2,0,0,"52,753"
California,,Pleasant Hill,1,0,0,0,0,0,0,1,0,0,"34,829"
California,,Port Hueneme,1,0,0,0,0,0,1,0,0,0,"22,249"
California,,Rancho Cucamonga,4,0,0,0,0,0,2,1,0,1,"176,376"
California,,Rancho Palos Verdes,1,1,0,0,0,0,0,0,2,0,"42,993"
California,,Redding,6,3,2,0,0,0,1,4,2,4,"92,020"
California,,Redlands,2,0,0,0,0,0,0,1,0,1,"71,078"
California,,Redondo Beach,1,0,0,0,0,0,0,1,0,0,"68,492"
California,,Rialto,1,0,0,0,0,0,0,1,0,0,"103,590"
California,,Richmond,1,0,0,0,0,0,0,0,0,1,"109,716"
California,,Riverside,3,4,0,0,0,0,0,0,5,2,"323,064"
California,,Roseville,1,1,0,0,0,0,0,2,0,0,"131,039"
California,,Sacramento,3,0,4,0,0,1,1,4,2,1,"489,717"
California,,Salinas,1,0,1,0,0,1,0,0,2,1,"158,185"
California,,San Bernardino,3,0,1,0,0,0,1,2,1,0,"216,477"
California,,San Diego,14,7,12,0,0,3,10,9,6,11,"1,400,467"
California,,San Dimas,1,0,0,0,0,0,0,1,0,0,"34,955"
California,,San Francisco,10,6,9,0,0,3,8,11,7,2,"863,782"
California,,San Jacinto,1,0,0,0,0,0,0,1,0,0,"47,022"
California,,San Jose,3,2,1,0,0,0,2,1,0,3,"1,031,458"
California,,San Juan Capistrano,0,1,0,0,0,0,0,1,0,0,"36,666"
California,,San Leandro,2,1,0,0,0,0,1,0,1,1,"90,438"
California,,San Marino,1,0,0,0,0,0,0,0,1,0,"13,491"
California,,San Mateo,0,1,1,0,0,0,0,0,0,2,"104,306"
California,,Santa Ana,2,5,2,0,0,1,2,3,5,0,"337,304"
California,,Santa Barbara,0,0,1,0,0,0,0,1,0,0,"91,877"
California,,Santa Clarita,2,1,1,0,0,0,2,1,0,1,"211,132"
California,,Santa Cruz,4,1,0,0,0,1,2,1,1,2,"64,076"
California,,Santa Monica,0,0,1,0,0,1,0,,2,0,"93,796"
California,,Santa Rosa,1,0,1,0,0,0,1,0,0,1,"175,738"
California,,Santee,0,0,1,0,0,0,0,0,1,0,"57,934"
California,,Scotts Valley,1,0,0,0,0,0,0,0,1,0,"11,926"
California,,Seaside,1,0,0,0,0,0,0,1,0,0,"34,459"
California,,Selma,0,1,0,0,0,0,0,0,1,0,"24,532"
California,,Simi Valley,4,1,0,0,0,0,1,1,1,2,"127,472"
California,,Sonoma,1,1,0,0,0,0,0,1,1,0,"11,107"
California,,Sonora,0,0,1,0,0,0,0,1,0,0,"4,779"
California,,South Gate,0,2,0,0,0,0,0,0,0,2,"96,775"
California,,Stockton,1,1,1,0,0,1,1,0,1,2,"304,890"
California,,Temecula,1,0,0,0,0,0,0,0,1,0,"111,673"
California,,Thousand Oaks,0,2,0,0,0,0,0,1,1,0,"129,976"
California,,Torrance,0,1,0,0,0,0,0,1,0,0,"149,243"
California,,Tracy,2,1,0,0,0,0,0,1,2,0,"86,477"
California,,Turlock,3,2,1,0,0,0,1,1,1,3,"71,895"
California,,Upland,1,0,0,0,0,0,0,0,1,0,"76,581"
California,,Ventura,2,0,2,0,0,0,1,1,2,0,"110,077"
California,,Victorville,0,0,1,0,0,1,1,1,0,0,"123,332"
California,,Visalia,2,0,1,0,0,0,1,1,0,1,"130,405"
California,,Vista,2,0,1,0,0,0,0,0,3,0,"99,097"
California,,Walnut Creek,1,2,1,0,0,0,2,0,1,1,"68,530"
California,,West Covina,2,0,0,0,0,0,2,0,0,0,"109,030"
California,,West Hollywood,3,0,3,0,0,0,2,1,2,1,"36,256"
California,,Westminster,0,1,1,0,0,0,0,1,1,0,"92,640"
California,Universities and Colleges,,14,8,4,0,0,2,,,,,
California,,"California State Polytechnic University, San Luis Obispo",1,1,0,0,0,0,0,0,0,2,"20,186"
California,,California State University:,,,,,,,,,,,
California,,Dominguez Hills,1,0,0,0,0,0,0,0,0,1,"14,687"
California,,Fullerton,0,0,0,0,0,1,1,0,0,0,"38,128"
California,,Northridge,1,0,0,0,0,0,0,0,1,0,"40,131"
California,,San Jose,1,0,0,0,0,1,1,0,0,1,"32,713"
California,,Humboldt State University,1,1,1,0,0,0,0,1,1,1,"8,485"
California,,San Diego State University,1,1,0,0,0,0,0,0,1,1,"33,483"
California,,University of California:,,,,,,,,,,,
California,,Berkeley,0,2,0,0,0,0,1,0,1,0,"37,565"
California,,Davis,2,3,0,0,0,0,0,1,3,1,"34,508"
California,,Los Angeles,5,0,2,0,0,0,3,1,2,1,"41,845"
California,,Santa Cruz,0,0,1,0,0,0,1,0,0,0,"17,866"
California,,Ventura County Community College District,1,0,0,0,0,0,0,0,1,0,"33,956"
California,Metropolitan Counties,,43,18,22,2,0,0,,,,,
California,,Kern,2,0,2,0,0,0,0,2,1,1,
California,,Kings,0,0,1,0,0,0,0,0,0,1,
California,,Los Angeles,16,2,9,1,0,0,4,12,8,4,
California,,Marin,0,1,0,0,0,0,1,0,0,0,
California,,Orange,1,1,0,0,0,0,1,0,0,1,
California,,Placer,0,3,0,0,0,0,0,0,3,0,
California,,Riverside,1,1,1,0,0,0,0,2,0,1,
California,,Sacramento,6,2,0,0,0,0,2,2,3,1,
California,,San Bernardino,5,0,1,0,0,0,2,0,2,2,
California,,San Diego,8,4,3,0,0,0,4,4,3,4,
California,,San Joaquin,0,2,1,0,0,0,0,0,1,2,
California,,San Luis Obispo,1,0,1,0,0,0,1,0,1,0,
California,,San Mateo,2,0,1,0,0,0,0,0,1,2,
California,,Santa Clara,0,1,0,1,0,0,0,1,1,0,
California,,Sonoma,1,1,0,0,0,0,0,0,0,2,
California,,Stanislaus,0,0,1,0,0,0,1,0,0,0,
California,,Ventura,0,0,1,0,0,0,0,1,0,0,
California,Nonmetropolitan Counties,,6,1,2,1,0,0,,,,,
California,,Amador,1,1,0,0,0,0,0,2,0,0,
California,,Calaveras,0,0,1,0,0,0,0,0,0,1,
California,,Colusa,1,0,0,0,0,0,0,1,0,0,
California,,Del Norte,0,0,0,1,0,0,0,0,0,1,
California,,Lake,1,0,1,0,0,0,0,1,1,0,
California,,Mendocino,1,0,0,0,0,0,1,0,0,0,
California,,Nevada,2,0,0,0,0,0,0,0,2,0,
California,Other Agencies,,15,6,5,0,1,0,,,,,
California,,"East Bay Regional Parks, Alameda County",0,1,0,0,0,0,0,0,0,1,
California,,Los Angeles Transportation Services Bureau,10,1,5,0,1,0,7,7,2,1,
California,,Port of San Diego Harbor,0,1,0,0,0,0,0,0,0,1,
California,,San Francisco Bay Area Rapid Transit: ,,,,,,,,,,,
California,,Alameda County,2,1,0,0,0,0,1,2,0,0,
California,,Contra Costa County,1,1,0,0,0,0,1,0,1,0,
California,,San Francisco County,1,0,0,0,0,0,0,1,0,0,
California,,San Mateo County,1,1,0,0,0,0,1,0,0,1,
Colorado,Total,,65,16,20,3,0,3,,,,,
Colorado,Cities,,47,9,19,2,0,1,,,,,
Colorado,,Arvada,1,0,1,0,0,0,1,0,1,0,"115,379"
Colorado,,Aspen,1,0,0,0,0,0,0,0,0,1,"6,841"
Colorado,,Aurora,4,1,1,0,0,0,0,2,2,2,"360,237"
Colorado,,Basalt,1,0,0,0,0,0,0,0,1,0,"3,937"
Colorado,,Boulder,1,0,0,0,0,0,1,0,0,0,"106,823"
Colorado,,Breckenridge,1,0,0,0,0,0,0,1,0,0,"4,804"
Colorado,,Castle Rock,1,0,0,0,0,0,0,0,1,0,"57,699"
Colorado,,Centennial,1,0,0,0,0,0,0,1,0,0,"108,846"
Colorado,,Colorado Springs,5,1,2,0,0,0,2,2,3,1,"452,410"
Colorado,,Craig,1,0,0,0,0,0,0,1,0,0,"8,698"
Colorado,,Denver,8,2,9,1,0,0,3,8,6,3,"682,418"
Colorado,,Durango,1,0,1,0,0,0,0,2,0,0,"18,095"
Colorado,,Englewood,0,0,1,0,0,0,0,0,1,0,"33,037"
Colorado,,Fort Collins,3,0,1,0,0,0,1,1,2,0,"159,629"
Colorado,,Glenwood Springs,2,0,0,0,0,0,0,1,0,1,"9,914"
Colorado,,Golden,1,0,0,0,0,0,1,0,0,0,"20,448"
Colorado,,Grand Junction,1,0,1,0,0,0,0,1,1,0,"60,508"
Colorado,,Greeley,1,0,0,0,0,0,0,0,1,0,"99,993"
Colorado,,Greenwood Village,2,1,0,0,0,0,1,1,0,1,"15,760"
Colorado,,La Junta,1,0,0,0,0,0,0,1,0,0,"6,926"
Colorado,,Littleton,0,1,0,0,0,0,0,1,0,0,"45,363"
Colorado,,Longmont,2,0,0,0,0,0,1,0,1,0,"91,222"
Colorado,,Loveland,0,1,0,0,0,1,0,0,1,1,"74,139"
Colorado,,Pueblo,5,2,2,0,0,0,3,2,0,4,"108,810"
Colorado,,Sterling,1,0,0,0,0,0,1,0,0,0,"14,574"
Colorado,,Trinidad,0,0,0,1,0,0,0,1,0,0,"7,995"
Colorado,,Walsenburg,2,0,0,0,0,0,0,1,1,0,"2,861"
Colorado,Universities and Colleges,,2,1,0,0,0,0,,,,,
Colorado,,Auraria Higher Education Center,0,1,0,0,0,0,1,0,0,0,
Colorado,,University of Colorado:,,,,,,,,,,,
Colorado,,Boulder,1,0,0,0,0,0,0,1,0,0,"32,432"
Colorado,,Colorado Springs,1,0,0,0,0,0,0,0,0,1,"11,761"
Colorado,Metropolitan Counties,,14,4,1,1,0,2,,,,,
Colorado,,Adams,1,0,0,0,0,0,0,0,1,0,
Colorado,,Arapahoe,5,3,0,1,0,0,1,1,3,4,
Colorado,,Boulder,2,1,0,0,0,1,0,1,3,0,
Colorado,,El Paso,1,0,0,0,0,0,0,1,0,0,
Colorado,,Jefferson,0,0,0,0,0,1,0,1,0,0,
Colorado,,Larimer,1,0,1,0,0,0,1,1,0,0,
Colorado,,Mesa,1,0,0,0,0,0,0,1,0,0,
Colorado,,Pueblo,1,0,0,0,0,0,0,1,0,0,
Colorado,,Weld,2,0,0,0,0,0,0,0,2,0,
Colorado,Nonmetropolitan Counties,,2,2,0,0,0,0,,,,,
Colorado,,Garfield,1,1,0,0,0,0,0,2,0,0,
Colorado,,La Plata,0,1,0,0,0,0,1,0,0,0,
Colorado,,Pitkin,1,0,0,0,0,0,1,0,0,0,
Connecticut,Total,,62,19,9,4,0,0,,,,,
Connecticut,Cities,,57,17,8,4,0,0,,,,,
Connecticut,,Bethel,1,0,0,0,0,0,0,0,0,1,"19,560"
Connecticut,,Bloomfield,0,2,0,0,0,0,0,0,2,0,"20,901"
Connecticut,,Bridgeport,5,0,1,0,0,0,1,3,1,1,"148,313"
Connecticut,,Bristol,1,0,1,0,0,0,0,1,0,1,"60,593"
Connecticut,,Cheshire,1,0,0,0,0,0,0,1,0,0,"29,245"
Connecticut,,Danbury,2,1,0,1,0,0,1,1,1,1,"84,404"
Connecticut,,Derby,1,0,0,0,0,0,0,0,1,0,"12,735"
Connecticut,,Groton Town,0,1,0,0,0,0,0,1,0,0,"30,387"
Connecticut,,Guilford,2,0,0,0,0,0,,,,2,"22,421"
Connecticut,,Hartford,1,1,1,0,0,0,,1,1,,"124,553"
Connecticut,,Manchester,1,1,1,0,0,0,,1,,2,"58,070"
Connecticut,,Meriden,1,0,0,1,0,0,,1,1,,"60,149"
Connecticut,,Middletown,3,0,1,0,0,0,0,1,1,2,"46,894"
Connecticut,,New Britain,1,0,0,0,0,0,,,1,,"72,788"
Connecticut,,New Haven,7,0,1,0,0,0,1,4,2,1,"130,403"
Connecticut,,Newington,1,0,0,0,0,0,,,,1,"30,714"
Connecticut,,New London,1,0,0,0,0,0,0,0,0,1,"27,312"
Connecticut,,New Milford,1,0,0,0,0,0,1,0,0,0,"27,317"
Connecticut,,North Branford,0,1,0,0,0,0,1,0,0,0,"14,300"
Connecticut,,North Haven,1,0,0,0,0,0,0,0,1,0,"23,865"
Connecticut,,Norwalk,1,0,0,0,0,0,1,0,0,0,"88,692"
Connecticut,,Old Saybrook,1,0,0,0,0,0,1,0,0,0,"10,213"
Connecticut,,Plainfield,1,0,0,0,0,0,0,1,0,0,"15,071"
Connecticut,,Redding,0,1,0,0,0,0,0,0,1,0,"9,344"
Connecticut,,Simsbury,0,1,0,0,0,0,0,0,0,1,"24,093"
Connecticut,,Southington,1,0,0,0,0,0,0,0,1,0,"43,979"
Connecticut,,Stamford,7,2,0,1,0,0,2,1,2,5,"129,682"
Connecticut,,Stonington,1,0,0,0,0,0,1,0,0,0,"18,505"
Connecticut,,Stratford,2,0,0,0,0,0,1,0,1,0,"53,058"
Connecticut,,Suffield,1,0,0,0,0,0,0,0,1,0,"15,823"
Connecticut,,Torrington,3,1,0,0,0,0,0,1,0,3,"34,910"
Connecticut,,Trumbull,1,1,1,0,0,0,0,0,1,2,"36,708"
Connecticut,,Vernon,1,0,0,0,0,0,1,0,0,0,"29,079"
Connecticut,,Wallingford,1,0,0,0,0,0,0,0,1,0,"45,054"
Connecticut,,Waterford,1,1,0,0,0,0,0,0,0,2,"19,407"
Connecticut,,West Hartford,1,0,0,0,0,0,1,0,0,0,"63,301"
Connecticut,,West Haven,1,0,1,0,0,0,0,1,0,1,"54,741"
Connecticut,,Westport,0,1,0,1,0,0,1,1,0,0,"27,848"
Connecticut,,Winchester,1,2,0,0,0,0,2,0,0,1,"10,855"
Connecticut,,Windsor,1,0,0,0,0,0,1,0,0,0,"29,063"
Connecticut,Universities and Colleges,,5,0,0,0,0,0,,,,,
Connecticut,,Central Connecticut State University,2,0,0,0,0,0,1,0,1,0,"12,037"
Connecticut,,"University of Connecticut, Storrs, Avery Point and Hartford",1,0,0,0,0,0,0,0,1,0,
Connecticut,,Western Connecticut State University,2,0,0,0,0,0,1,0,0,1,"5,952"
Connecticut,State Police Agencies,,0,2,1,0,0,0,,,,,
Connecticut,,Connecticut State Police,0,2,1,0,0,0,1,0,1,1,"524,558"
Delaware,Total,,9,2,0,0,0,0,,,,,
Delaware,Cities,,5,0,0,0,0,0,,,,,
Delaware,,Laurel,1,0,0,0,0,0,0,0,1,0,"4,051"
Delaware,,Milford,1,0,0,0,0,0,0,0,0,1,"10,331"
Delaware,,Milton,1,0,0,0,0,0,1,0,0,0,"2,805"
Delaware,,Wilmington,2,0,0,0,0,0,1,0,0,1,"72,078"
Delaware,Metropolitan Counties,,3,0,0,0,0,0,,,,,
Delaware,,New Castle County Police Department,3,0,0,0,0,0,1,1,0,1,
Delaware,State Police Agencies,,0,2,0,0,0,0,,,,,
Delaware,,"State Police, Sussex County",0,2,0,0,0,0,0,2,0,0,
Delaware,Other Agencies,,1,0,0,0,0,0,,,,,
Delaware,,Park Rangers,1,0,0,0,0,0,0,1,0,0,
District of Columbia,Total,,23,5,27,0,0,10,,,,,
District of Columbia,Cities,,22,5,27,0,0,10,,,,,
District of Columbia,,Washington,22,5,27,0,0,10,13,13,18,20,"672,228"
District of Columbia,Other Agencies,,1,0,0,0,0,0,,,,,
District of Columbia,,Metro Transit Police,1,0,0,0,0,0,0,1,0,0,
Florida,Total,,44,13,14,0,0,1,,,,,
Florida,Cities,,21,13,10,0,0,1,,,,,
Florida,,Clearwater,2,0,0,0,0,0,,2,,,"111,316"
Florida,,Coral Springs,0,1,0,0,0,0,,,1,,"129,631"
Florida,,Daytona Beach Shores,1,0,0,0,0,0,,,1,,"4,336"
Florida,,Deland,0,1,0,0,0,0,,,1,,"29,773"
Florida,,Fort Myers,0,0,1,0,0,0,,,1,,"73,218"
Florida,,Gainesville,2,0,1,0,0,0,,,2,1,"129,410"
Florida,,Melbourne,0,1,0,0,0,0,,1,,,"79,032"
Florida,,Miami Beach,2,6,3,0,0,1,6,1,1,4,"92,641"
Florida,,Miami Gardens,6,0,0,0,0,0,4,1,,1,"113,469"
Florida,,New Port Richey,0,0,1,0,0,0,,1,,,"15,688"
Florida,,North Miami,0,0,1,0,0,0,,1,,,"62,010"
Florida,,North Palm Beach,0,1,0,0,0,0,,,,1,"12,597"
Florida,,North Port,1,0,0,0,0,0,1,,,,"61,148"
Florida,,Ocala,1,0,0,0,0,0,1,,,,"57,891"
Florida,,Palm Bay,3,0,1,0,0,0,1,2,1,,"106,469"
Florida,,Pembroke Pines,0,2,0,0,0,0,,,1,1,"167,266"
Florida,,Port St. Lucie,1,0,0,0,0,0,,1,,,"176,364"
Florida,,South Daytona,1,0,0,0,0,0,,,1,,"12,435"
Florida,,Tallahassee,0,0,1,0,0,0,,1,,,"189,709"
Florida,,Venice,1,0,0,0,0,0,,,1,,"21,980"
Florida,,West Palm Beach,0,1,0,0,0,0,1,,,,"104,919"
Florida,,Winter Garden,0,0,1,0,0,0,,,,1,"39,783"
Florida,Universities and Colleges,,1,0,0,0,0,0,,,,,
Florida,,"University of South Florida, Tampa",1,0,0,0,0,0,1,,,,"41,938"
Florida,Metropolitan Counties,,22,0,4,0,0,0,,,,,
Florida,,Charlotte,1,0,0,0,0,0,,,,1,
Florida,,Clay,3,0,0,0,0,0,,1,1,1,
Florida,,Collier,1,0,1,0,0,0,,1,1,,
Florida,,Escambia,2,0,0,0,0,0,1,,,1,
Florida,,Lake,1,0,0,0,0,0,,,1,,
Florida,,Orange,2,0,1,0,0,0,,1,,2,
Florida,,Osceola,1,0,0,0,0,0,,,,1,
Florida,,Pasco,1,0,1,0,0,0,,2,,,
Florida,,Pinellas,0,0,1,0,0,0,,,,1,
Florida,,Seminole,1,0,0,0,0,0,,1,,,
Florida,,St. Johns,2,0,0,0,0,0,,2,,,
Florida,,Volusia,6,0,0,0,0,0,1,2,2,1,
Florida,,Walton,1,0,0,0,0,0,,1,,,
Georgia,Total,,32,5,7,0,0,0,,,,,
Georgia,Cities,,2,0,3,0,0,0,,,,,
Georgia,,Athens-Clarke County,0,0,1,0,0,0,1,0,0,0,"120,858"
Georgia,,Atlanta,2,0,2,0,0,0,0,4,0,0,"464,710"
Georgia,Universities and Colleges,,3,1,1,0,0,0,,,,,
Georgia,,Georgia Institute of Technology,1,1,0,0,0,0,0,0,1,1,"23,109"
Georgia,,University of Georgia,2,0,1,0,0,0,2,1,0,0,"35,197"
Georgia,Metropolitan Counties,,27,4,3,0,0,0,,,,,
Georgia,,Cobb County Police Department,23,4,3,0,0,0,5,8,13,4,
Georgia,,Gwinnett County Police Department,1,0,0,0,0,0,0,0,1,0,
Georgia,,Henry County Police Department,3,0,0,0,0,0,0,1,1,1,
Idaho,Total,,14,12,6,2,0,0,,,,,
Idaho,Cities,,9,5,6,2,0,0,,,,,
Idaho,,Boise,1,2,2,0,0,0,1,1,2,1,"218,844"
Idaho,,Caldwell,1,0,0,0,0,0,1,0,0,0,"51,206"
Idaho,,Coeur d'Alene,1,0,0,0,0,0,1,0,0,0,"48,871"
Idaho,,Garden City,0,0,1,0,0,0,0,1,0,0,"11,533"
Idaho,,Grangeville,0,0,1,0,0,0,0,0,1,0,"3,139"
Idaho,,Kimberly,1,0,0,1,0,0,1,0,1,0,"3,570"
Idaho,,Nampa,1,0,0,0,0,0,1,0,0,0,"89,875"
Idaho,,Osburn,1,0,0,0,0,0,0,1,0,0,"1,493"
Idaho,,Pocatello,1,1,0,0,0,0,0,0,1,1,"54,286"
Idaho,,Post Falls,1,0,0,0,0,0,0,0,0,1,"30,461"
Idaho,,Rexburg,0,1,0,0,0,0,0,1,0,0,"27,499"
Idaho,,Shoshone,0,0,1,0,0,0,1,0,0,0,"1,500"
Idaho,,Spirit Lake,0,0,1,0,0,0,1,0,0,0,"2,067"
Idaho,,St. Maries,1,0,0,0,0,0,0,1,0,0,"2,334"
Idaho,,Twin Falls,0,1,0,1,0,0,0,0,0,2,"47,048"
Idaho,Metropolitan Counties,,3,1,0,0,0,0,,,,,
Idaho,,Canyon,0,1,0,0,0,0,0,1,0,0,
Idaho,,Kootenai,3,0,0,0,0,0,2,1,0,0,
Idaho,Nonmetropolitan Counties,,2,6,0,0,0,0,,,,,
Idaho,,Cassia,1,0,0,0,0,0,0,0,0,1,
Idaho,,Elmore,1,6,0,0,0,0,0,7,0,0,
Illinois,Total,,59,12,16,0,1,2,,,,,
Illinois,Cities,,57,11,15,0,1,2,,,,,
Illinois,,Addison,0,0,1,0,0,0,0,1,0,0,"37,370"
Illinois,,Aurora,1,0,0,0,0,0,1,0,0,0,"201,034"
Illinois,,Beecher,1,0,0,0,0,0,1,0,0,0,"4,483"
Illinois,,Belleville,1,0,0,0,0,0,0,0,1,0,"42,150"
Illinois,,Berwyn,1,0,1,0,0,0,0,0,2,0,"56,697"
Illinois,,Bloomington,1,0,0,0,0,0,0,1,0,0,"79,233"
Illinois,,Centralia,1,0,0,0,0,0,0,0,1,0,"12,669"
Illinois,,Champaign,1,0,0,0,0,0,0,1,0,0,"85,362"
Illinois,,Chicago,19,8,10,0,0,1,6,10,14,8,"2,728,695"
Illinois,,Chicago Ridge,1,0,0,0,0,0,1,0,0,0,"14,463"
Illinois,,Danville,1,0,0,0,0,0,0,1,0,0,"32,056"
Illinois,,De Kalb,1,0,1,0,0,0,1,0,1,0,"44,046"
Illinois,,Des Plaines,0,0,0,0,0,1,0,0,1,0,"59,078"
Illinois,,Elgin,1,0,0,0,0,0,0,1,0,,"111,832"
Illinois,,Evanston,0,1,0,0,0,0,1,0,0,0,"75,930"
Illinois,,Geneseo,1,0,0,0,0,0,0,1,0,0,"6,517"
Illinois,,Glenview,1,0,0,0,0,0,0,1,0,0,"47,292"
Illinois,,Grayslake,0,1,0,0,0,0,1,0,0,0,"21,048"
Illinois,,Lombard,1,0,0,0,0,0,0,0,0,1,"44,008"
Illinois,,Macomb,1,0,0,0,0,0,0,1,0,0,"18,859"
Illinois,,Marissa,1,0,0,0,0,0,0,0,1,0,"1,859"
Illinois,,Monmouth,2,0,0,0,0,0,0,0,1,1,"9,548"
Illinois,,Moweaqua,1,0,0,0,0,0,1,0,0,0,"1,764"
Illinois,,Normal,2,0,1,0,0,0,1,0,1,1,"55,096"
Illinois,,North Chicago,3,0,0,0,0,0,0,0,1,2,"29,898"
Illinois,,North Riverside,1,0,0,0,0,0,0,1,0,0,"6,703"
Illinois,,Oak Forest,1,0,0,0,0,0,0,1,0,0,"28,222"
Illinois,,Orland Park,1,0,0,0,0,0,0,0,1,0,"59,161"
Illinois,,Rantoul,1,0,0,0,0,0,0,1,0,0,"13,138"
Illinois,,Rockford,2,0,0,0,0,0,1,0,1,0,"148,178"
Illinois,,Rolling Meadows,1,0,0,0,0,0,1,0,0,0,"24,321"
Illinois,,Round Lake Park,1,0,0,0,0,0,0,1,0,0,"7,350"
Illinois,,Schaumburg,0,1,0,0,0,0,1,0,0,0,"75,050"
Illinois,,Silvis,1,0,0,0,0,0,0,1,0,0,"7,529"
Illinois,,Skokie,1,0,0,0,0,0,0,0,0,1,"65,184"
Illinois,,Springfield,2,0,0,0,0,0,2,0,0,0,"116,875"
Illinois,,Tuscola,0,0,1,0,0,0,0,1,0,0,"4,458"
Illinois,,Urbana,1,0,0,0,1,0,2,0,0,0,"42,169"
Illinois,,Wheeling,1,0,0,0,0,0,0,0,1,0,"38,092"
Illinois,Universities and Colleges,,0,0,1,0,0,0,,,,,
Illinois,,Northern Illinois University,0,0,1,0,0,0,0,0,0,1,"20,611"
Illinois,Metropolitan Counties,,2,1,0,0,0,0,,,,,
Illinois,,Champaign,1,0,0,0,0,0,0,1,0,0,
Illinois,,DuPage,1,0,0,0,0,0,0,1,0,0,
Illinois,,Sangamon,0,1,0,0,0,0,0,0,1,0,
Indiana,Total,,43,9,14,0,1,0,,,,,
Indiana,Cities,,32,7,12,0,0,0,,,,,
Indiana,,Bloomington,6,2,3,0,0,0,2,1,6,1,"84,015"
Indiana,,Fort Wayne,1,0,0,0,0,0,0,0,1,0,"259,712"
Indiana,,Hammond,2,0,0,0,0,0,0,2,0,0,"77,803"
Indiana,,Indianapolis,15,4,7,0,0,0,7,5,6,8,"863,675"
Indiana,,Muncie,1,1,1,0,0,0,1,1,0,1,"70,217"
Indiana,,Plainfield,1,0,0,0,0,0,0,0,0,1,"31,123"
Indiana,,Shelbyville,0,0,1,0,0,0,0,1,0,0,"19,176"
Indiana,,South Bend,6,0,0,0,0,0,2,3,,1,"101,240"
Indiana,Universities and Colleges,,3,0,1,0,0,0,,,,,
Indiana,,Indiana University:,,,,,,,,,,,
Indiana,,Bloomington,2,0,1,0,0,0,,,2,,"46,416"
Indiana,,Indianapolis,1,0,0,0,0,0,,,,1,"30,690"
Indiana,Metropolitan Counties,,1,2,0,0,1,0,,,,,
Indiana,,Clark,0,1,0,0,1,0,,,1,,
Indiana,,Morgan,1,1,0,0,0,0,,,,1,
Indiana,State Police Agencies,,7,0,1,0,0,0,,,,,
Indiana,,State Police:,,,,,,,,,,,
Indiana,,Decatur County,1,0,1,0,0,0,1,0,0,1,
Indiana,,Miami County,1,0,0,0,0,0,1,0,0,0,
Indiana,,Ripley County,1,0,0,0,0,0,0,1,0,0,
Indiana,,Rush County,2,0,0,0,0,0,1,1,0,0,
Indiana,,Scott County,1,0,0,0,0,0,1,0,0,0,
Indiana,,Wayne County,1,0,0,0,0,0,0,0,0,1,
Iowa,Total,,3,1,1,1,0,0,,,,,
Iowa,Cities,,2,1,0,1,0,0,,,,,
Iowa,,Cedar Rapids,0,1,0,0,0,0,0,1,0,0,"129,863"
Iowa,,Des Moines,1,0,0,0,0,0,0,0,0,1,"210,403"
Iowa,,De Witt,1,0,0,1,0,0,0,1,1,0,"5,236"
Iowa,Universities and Colleges,,1,0,0,0,0,0,,,,,
Iowa,,Iowa State University,1,0,0,0,0,0,0,0,0,1,"34,435"
Iowa,Metropolitan Counties,,0,0,1,0,0,0,,,,,
Iowa,,Scott,0,0,1,0,0,0,0,0,1,0,
Kansas,Total,,46,8,8,0,1,0,,,,,
Kansas,Cities,,36,7,5,0,1,0,,,,,
Kansas,,Baxter Springs,1,0,0,0,0,0,0,1,0,0,"4,035"
Kansas,,Clay Center,1,0,0,0,0,0,0,0,0,1,"4,136"
Kansas,,Colby,1,0,0,0,0,0,0,0,1,0,"5,381"
Kansas,,Derby,1,0,0,0,0,0,0,0,1,0,"23,430"
Kansas,,Dodge City,2,1,1,0,0,0,0,2,0,2,"28,271"
Kansas,,Elwood,1,0,0,0,0,0,0,0,1,0,"1,199"
Kansas,,Garden City,1,0,0,0,0,0,0,0,0,1,"27,059"
Kansas,,Great Bend,1,0,0,0,0,0,0,0,0,1,"15,800"
Kansas,,Hoisington,1,0,0,0,0,0,0,0,1,0,"2,654"
Kansas,,Hutchinson,2,1,0,0,0,0,1,2,0,0,"41,499"
Kansas,,Iola,1,0,0,0,0,0,1,0,0,0,"5,515"
Kansas,,Leavenworth,1,0,0,0,0,0,0,0,0,1,"36,154"
Kansas,,Liberal,1,0,0,0,0,0,0,0,1,0,"21,128"
Kansas,,Newton,2,1,0,0,0,0,0,1,2,0,"19,103"
Kansas,,Overland Park,4,0,2,0,1,0,3,2,0,1,"187,240"
Kansas,,Salina,3,0,0,0,0,0,0,0,1,2,"47,874"
Kansas,,Topeka,1,0,0,0,0,0,0,0,0,1,"127,096"
Kansas,,Valley Center,0,1,0,0,0,0,0,1,0,0,"7,113"
Kansas,,Wichita,10,3,2,0,0,0,2,1,10,2,"389,824"
Kansas,,Winfield,1,0,0,0,0,0,0,0,1,0,"12,235"
Kansas,Universities and Colleges,,1,0,1,0,0,0,,,,,
Kansas,,Kansas State University,0,0,1,0,0,0,1,0,0,0,"24,766"
Kansas,,"University of Kansas, Medical Center",1,0,0,0,0,0,0,0,0,1,
Kansas,Metropolitan Counties,,3,0,2,0,0,0,,,,,
Kansas,,Riley County Police Department,0,0,1,0,0,0,0,1,0,0,
Kansas,,Sedgwick,1,0,0,0,0,0,0,1,0,0,
Kansas,,Shawnee,0,0,1,0,0,0,0,1,0,0,
Kansas,,Sumner,1,0,0,0,0,0,0,0,1,0,
Kansas,,Wyandotte,1,0,0,0,0,0,0,0,0,1,
Kansas,Nonmetropolitan Counties,,4,1,0,0,0,0,,,,,
Kansas,,Cowley,1,0,0,0,0,0,0,0,0,1,
Kansas,,Crawford,1,0,0,0,0,0,1,0,0,0,
Kansas,,Ellis,0,1,0,0,0,0,0,0,1,0,
Kansas,,Ford,1,0,0,0,0,0,1,0,0,0,
Kansas,,Gray,1,0,0,0,0,0,0,0,1,0,
Kansas,State Police Agencies,,1,0,0,0,0,0,,,,,
Kansas,,Kansas Highway Patrol,1,0,0,0,0,0,1,0,0,0,
Kansas,Other Agencies,,1,0,0,0,0,0,,,,,
Kansas,,Blue Valley School District,1,0,0,0,0,0,0,1,0,0,
Kentucky,Total,,113,53,19,2,0,1,,,,,
Kentucky,Cities,,80,44,17,2,0,0,,,,,
Kentucky,,Alexandria,0,1,0,0,0,0,0,1,0,0,"8,860"
Kentucky,,Anchorage,0,0,0,1,0,0,0,0,1,0,"2,422"
Kentucky,,Ashland,3,2,0,0,0,0,0,4,1,0,"21,232"
Kentucky,,Bardstown,2,0,0,0,0,0,0,0,0,2,"13,087"
Kentucky,,Benton,0,1,0,0,0,0,0,1,0,0,"4,309"
Kentucky,,Bowling Green,5,4,0,0,0,0,1,4,2,2,"63,346"
Kentucky,,Brownsville,0,0,1,0,0,0,0,0,0,1,824
Kentucky,,Carrollton,1,0,0,0,0,0,0,0,1,0,"3,930"
Kentucky,,Corbin,1,0,0,0,0,0,0,0,1,0,"7,305"
Kentucky,,Covington,2,2,1,0,0,0,2,3,0,0,"41,056"
Kentucky,,Dawson Springs,0,0,2,0,0,0,0,2,0,0,"2,740"
Kentucky,,Dayton,2,0,0,0,0,0,0,1,1,0,"5,446"
Kentucky,,Erlanger,3,0,0,0,0,0,1,1,0,1,"22,774"
Kentucky,,Flemingsburg,0,1,0,0,0,0,0,1,0,0,"2,709"
Kentucky,,Florence,1,0,1,0,0,0,0,2,0,0,"32,357"
Kentucky,,Frankfort,2,3,0,0,0,0,2,1,2,0,"27,603"
Kentucky,,Franklin,1,0,0,0,0,0,1,0,0,0,"8,755"
Kentucky,,Georgetown,5,0,0,0,0,0,0,3,0,2,"32,273"
Kentucky,,Glasgow,2,1,0,0,0,0,1,0,0,2,"14,413"
Kentucky,,Henderson,2,1,1,0,0,0,0,0,2,2,"28,928"
Kentucky,,Independence,0,2,0,0,0,0,0,2,0,0,"26,773"
Kentucky,,Indian Hills,0,1,0,0,0,0,0,0,1,0,"2,965"
Kentucky,,La Grange,0,0,0,1,0,0,0,0,1,0,"8,625"
Kentucky,,Lexington,10,11,4,0,0,0,4,7,5,9,"314,077"
Kentucky,,Louisville Metro,9,1,3,0,0,0,4,1,4,4,"680,550"
Kentucky,,Lynnview,1,0,0,0,0,0,0,0,1,0,943
Kentucky,,Mayfield,5,0,0,0,0,0,3,1,1,0,"10,141"
Kentucky,,Monticello,1,0,0,0,0,0,1,0,0,0,"6,072"
Kentucky,,Murray,0,2,0,0,0,0,0,1,0,1,"18,810"
Kentucky,,Newport,2,1,0,0,0,0,0,1,1,1,"15,413"
Kentucky,,Nicholasville,1,0,0,0,0,0,0,0,0,1,"29,351"
Kentucky,,Oak Grove,1,0,0,0,0,0,0,1,0,0,"7,515"
Kentucky,,Owensboro,3,1,1,0,0,0,1,1,1,2,"58,608"
Kentucky,,Owingsville,1,0,0,0,0,0,0,0,1,0,"1,597"
Kentucky,,Paducah,1,3,1,0,0,0,2,2,1,0,"24,968"
Kentucky,,Paris,1,0,0,0,0,0,0,0,1,0,"9,747"
Kentucky,,Pembroke,1,0,0,0,0,0,0,0,1,0,895
Kentucky,,Princeton,2,0,1,0,0,0,0,1,2,0,"6,166"
Kentucky,,Scottsville,1,0,0,0,0,0,0,0,1,0,"4,373"
Kentucky,,Shepherdsville,2,1,0,0,0,0,0,1,1,1,"11,990"
Kentucky,,Shively,2,1,0,0,0,0,1,0,0,2,"15,733"
Kentucky,,Simpsonville,1,0,0,0,0,0,1,0,0,0,"2,695"
Kentucky,,Taylor Mill,2,0,0,0,0,0,0,0,0,2,"6,748"
Kentucky,,Taylorsville,0,1,0,0,0,0,0,0,1,0,796
Kentucky,,Versailles,0,2,0,0,0,0,0,2,0,0,"9,105"
Kentucky,,West Buechel,0,1,0,0,0,0,1,0,0,0,"1,272"
Kentucky,,Winchester,1,0,1,0,0,0,0,0,0,2,"18,462"
Kentucky,Universities and Colleges,,6,0,1,0,0,0,,,,,
Kentucky,,Eastern Kentucky University,1,0,0,0,0,0,0,1,0,0,"16,305"
Kentucky,,Murray State University,1,0,1,0,0,0,1,1,0,0,"11,207"
Kentucky,,Northern Kentucky University,1,0,0,0,0,0,1,0,0,0,"15,090"
Kentucky,,University of Kentucky,2,0,0,0,0,0,0,0,2,0,"29,203"
Kentucky,,University of Louisville,1,0,0,0,0,0,0,0,1,0,"21,561"
Kentucky,Metropolitan Counties,,9,1,1,0,0,1,,,,,
Kentucky,,Boone,1,0,0,0,0,1,0,0,2,0,
Kentucky,,Bracken,0,0,1,0,0,0,0,1,0,0,
Kentucky,,Bullitt,1,0,0,0,0,0,0,0,0,1,
Kentucky,,Campbell County Police Department,1,0,0,0,0,0,0,0,0,1,
Kentucky,,Larue,0,1,0,0,0,0,0,1,0,0,
Kentucky,,Meade,1,0,0,0,0,0,0,0,0,1,
Kentucky,,Scott,1,0,0,0,0,0,1,0,0,0,
Kentucky,,Shelby,1,0,0,0,0,0,0,1,0,0,
Kentucky,,Warren,3,0,0,0,0,0,1,0,1,1,
Kentucky,Nonmetropolitan Counties,,11,1,0,0,0,0,,,,,
Kentucky,,Anderson,0,1,0,0,0,0,0,1,0,0,
Kentucky,,Ballard,1,0,0,0,0,0,0,0,0,1,
Kentucky,,Bell,1,0,0,0,0,0,0,1,0,0,
Kentucky,,Franklin,1,0,0,0,0,0,0,0,1,0,
Kentucky,,Graves,1,0,0,0,0,0,0,0,1,0,
Kentucky,,Grayson,1,0,0,0,0,0,0,0,0,1,
Kentucky,,Jackson,1,0,0,0,0,0,0,1,0,0,
Kentucky,,Laurel,1,0,0,0,0,0,0,1,0,0,
Kentucky,,Mason,1,0,0,0,0,0,0,1,0,0,
Kentucky,,Union,1,0,0,0,0,0,0,0,1,0,
Kentucky,,Webster,2,0,0,0,0,0,0,0,1,1,
Kentucky,State Police Agencies,,4,7,0,0,0,0,,,,,
Kentucky,,State Police:,,,,,,,,,,,
Kentucky,,Ashland,0,2,0,0,0,0,0,0,1,1,
Kentucky,,Bowling Green,1,0,0,0,0,0,1,0,0,0,
Kentucky,,Dry Ridge,0,1,0,0,0,0,0,0,1,0,
Kentucky,,Hazard,1,0,0,0,0,0,0,1,0,0,
Kentucky,,London,0,2,0,0,0,0,1,0,0,1,
Kentucky,,Madisonville,0,1,0,0,0,0,0,0,0,1,
Kentucky,,Mayfield,1,0,0,0,0,0,0,0,1,0,
Kentucky,,Morehead,1,0,0,0,0,0,0,1,0,0,
Kentucky,,Pikeville,0,1,0,0,0,0,0,0,1,0,
Kentucky,Other Agencies,,3,0,0,0,0,0,,,,,
Kentucky,,Fayette County Schools,1,0,0,0,0,0,1,0,0,0,
Kentucky,,Jefferson County School District,2,0,0,0,0,0,1,0,0,1,
Louisiana,Total,,22,11,5,0,0,0,,,,,
Louisiana,Cities,,7,0,3,0,0,0,,,,,
Louisiana,,Mamou,1,0,0,0,0,0,0,1,0,0,"3,173"
Louisiana,,Natchitoches,1,0,0,0,0,0,1,0,0,0,"18,350"
Louisiana,,New Orleans,2,0,3,0,0,0,0,1,2,2,"393,447"
Louisiana,,Shreveport,1,0,0,0,0,0,0,0,0,1,"197,592"
Louisiana,,Vinton,1,0,0,0,0,0,0,1,,,"3,353"
Louisiana,,Westlake,1,0,0,0,0,0,1,0,0,0,"4,625"
Louisiana,Metropolitan Counties,,13,11,2,0,0,0,,,,,
Louisiana,,Bossier,1,1,0,0,0,0,0,0,0,2,
Louisiana,,Calcasieu,0,9,1,0,0,0,3,2,3,2,
Louisiana,,East Feliciana,1,0,0,0,0,0,0,0,1,0,
Louisiana,,Jefferson,1,0,1,0,0,0,0,2,0,0,
Louisiana,,Lafourche,8,0,0,0,0,0,0,1,0,7,
Louisiana,,Ouachita,0,1,0,0,0,0,,,0,1,
Louisiana,,St. Charles,1,0,0,0,0,0,,,1,0,
Louisiana,,St. Helena,1,0,0,0,0,0,0,1,0,0,
Louisiana,Nonmetropolitan Counties,,2,0,0,0,0,0,,,,,
Louisiana,,Madison,2,0,0,0,0,0,1,0,0,1,
Maine,Total,,16,9,13,0,0,0,,,,,
Maine,Cities,,15,9,11,0,0,0,,,,,
Maine,,Augusta,2,0,2,0,0,0,1,0,1,2,"18,608"
Maine,,Brewer,1,0,0,0,0,0,0,1,0,0,"9,279"
Maine,,Islesboro,0,0,2,0,0,0,0,2,0,0,568
Maine,,Lewiston,4,0,0,0,0,0,0,1,2,1,"36,232"
Maine,,Livermore Falls,1,0,0,0,0,0,0,1,0,0,"3,134"
Maine,,Old Orchard Beach,2,0,1,0,0,0,2,1,0,0,"8,790"
Maine,,Portland,1,5,1,0,0,0,0,1,1,5,"66,816"
Maine,,Saco,1,1,3,0,0,0,2,0,2,1,"19,146"
Maine,,Sanford,0,1,0,0,0,0,0,0,1,0,"20,936"
Maine,,Scarborough,1,1,0,0,0,0,0,1,1,0,"19,682"
Maine,,South Portland,1,1,2,0,0,0,0,3,1,0,"25,540"
Maine,,Topsham,1,0,0,0,0,0,0,0,1,0,"8,703"
Maine,Metropolitan Counties,,0,0,2,0,0,0,,,,,
Maine,,Sagadahoc,0,0,2,0,0,0,0,2,0,0,
Maine,State Police Agencies,,1,0,0,0,0,0,,,,,
Maine,,"State Police, Franklin County",1,0,0,0,0,0,0,0,0,1,
Maryland,Total,,22,14,7,0,0,0,,,,,
Maryland,Cities,,7,1,5,0,0,0,,,,,
Maryland,,Baltimore,1,1,2,0,0,0,2,0,2,,"621,252"
Maryland,,Bowie,0,0,1,0,0,0,1,0,0,0,"58,304"
Maryland,,Frederick,1,0,0,0,0,0,1,0,0,0,"69,162"
Maryland,,Greenbelt,1,0,2,0,0,0,0,0,2,1,"24,385"
Maryland,,Laurel,4,0,0,0,0,0,0,0,4,0,"26,406"
Maryland,Universities and Colleges,,0,1,0,0,0,0,,,,,
Maryland,,Towson University,0,1,0,0,0,0,1,0,0,0,"22,285"
Maryland,Metropolitan Counties,,13,12,2,0,0,0,,,,,
Maryland,,Baltimore County Police Department,1,0,1,0,0,0,1,0,1,0,
Maryland,,Frederick,1,0,1,0,0,0,0,2,0,0,
Maryland,,Harford,1,0,0,0,0,0,1,0,0,0,
Maryland,,Montgomery County Police Department,10,12,0,0,0,0,5,6,2,7,
Maryland,State Police Agencies,,2,0,0,0,0,0,,,,,
Maryland,,"State Police, Carroll County",2,0,0,0,0,0,0,0,2,0,
Massachusetts,Total,,198,81,81,4,15,45,,,,,
Massachusetts,Cities,,184,69,77,4,15,45,,,,,
Massachusetts,,Acton,2,6,0,0,0,1,4,2,2,1,"23,573"
Massachusetts,,Agawam,0,0,2,0,0,0,0,0,2,0,"28,853"
Massachusetts,,Amesbury,2,0,0,0,0,0,0,1,0,1,"16,922"
Massachusetts,,Andover,1,0,1,0,0,0,0,2,0,0,"35,562"
Massachusetts,,Arlington,1,2,0,0,1,1,0,2,0,3,"44,873"
Massachusetts,,Attleboro,1,0,1,0,0,0,0,1,1,0,"44,079"
Massachusetts,,Barnstable,1,0,0,0,0,0,1,0,0,0,"44,392"
Massachusetts,,Bedford,1,0,0,0,0,0,0,0,1,0,"14,435"
Massachusetts,,Bellingham,1,0,0,0,0,0,1,0,0,0,"16,879"
Massachusetts,,Belmont,0,1,0,0,0,0,0,1,0,0,"25,692"
Massachusetts,,Beverly,0,1,0,0,0,0,0,0,0,1,"41,281"
Massachusetts,,Billerica,0,1,0,0,0,0,0,0,1,0,"42,762"
Massachusetts,,Boston,81,14,46,0,1,6,28,40,40,31,"665,258"
Massachusetts,,Braintree,3,0,0,0,0,0,0,1,2,0,"37,772"
Massachusetts,,Brockton,0,0,0,1,0,0,0,0,0,1,"95,049"
Massachusetts,,Cambridge,10,7,2,0,0,0,3,7,4,5,"110,953"
Massachusetts,,Chicopee,2,0,1,0,0,0,0,1,2,0,"55,926"
Massachusetts,,Cohasset,0,0,0,0,1,0,1,0,0,0,"8,550"
Massachusetts,,Danvers,2,2,1,0,1,0,0,3,1,1,"27,708"
Massachusetts,,Dracut,0,1,0,0,0,0,0,0,0,1,"31,486"
Massachusetts,,Easthampton,0,0,1,0,0,0,0,0,1,0,"16,033"
Massachusetts,,Everett,2,0,0,0,0,0,1,0,0,1,"44,898"
Massachusetts,,Falmouth,1,0,0,0,0,0,0,0,1,0,"31,666"
Massachusetts,,Granby,1,0,0,0,0,0,0,0,1,0,"6,357"
Massachusetts,,Haverhill,2,0,0,0,0,3,0,2,2,1,"62,895"
Massachusetts,,Hingham,1,0,0,0,0,1,0,0,1,1,"23,165"
Massachusetts,,Lowell,0,1,0,0,0,1,0,1,0,1,"110,819"
Massachusetts,,Ludlow,1,0,0,0,0,0,0,0,1,0,"21,510"
Massachusetts,,Lynn,7,2,1,1,1,7,1,7,9,2,"92,584"
Massachusetts,,Malden,1,1,1,0,0,5,2,1,3,2,"61,211"
Massachusetts,,Mansfield,0,3,0,0,0,0,0,2,1,0,"23,705"
Massachusetts,,Marblehead,0,1,0,0,0,0,0,0,1,0,"20,616"
Massachusetts,,Medford,5,1,1,0,2,0,1,3,4,1,"57,742"
Massachusetts,,Mendon,0,1,0,0,0,0,0,0,0,1,"5,991"
Massachusetts,,Methuen,2,0,0,0,0,0,0,1,1,0,"49,579"
Massachusetts,,Middleboro,1,0,0,1,0,0,0,0,0,2,"24,357"
Massachusetts,,Milford,1,0,0,0,0,0,0,1,0,0,"28,553"
Massachusetts,,Milton,0,2,0,0,0,0,0,0,2,0,"27,449"
Massachusetts,,Montague,0,1,0,0,0,0,1,0,0,0,"8,300"
Massachusetts,,Nahant,1,0,0,0,0,0,0,1,0,0,"3,496"
Massachusetts,,Natick,0,0,1,0,0,0,1,0,0,0,"36,184"
Massachusetts,,Newton,4,3,1,0,1,2,1,4,3,3,"89,053"
Massachusetts,,Northampton,1,1,1,0,0,0,0,1,0,1,"28,534"
Massachusetts,,North Attleboro,0,0,0,0,1,0,0,0,0,1,"28,965"
Massachusetts,,Northbridge,0,1,0,0,0,0,0,0,1,0,"16,587"
Massachusetts,,Northfield,0,2,0,0,0,0,0,0,0,2,"3,008"
Massachusetts,,Norton,0,0,0,0,0,1,1,0,0,0,"19,464"
Massachusetts,,Palmer,1,0,0,0,0,0,0,1,0,0,"12,183"
Massachusetts,,Plymouth,3,2,0,0,0,0,1,0,1,3,"58,705"
Massachusetts,,Provincetown,1,0,2,0,0,0,0,0,3,0,"2,989"
Massachusetts,,Quincy,16,4,1,0,0,2,5,3,8,5,"93,671"
Massachusetts,,Randolph,1,0,0,0,0,0,0,0,1,0,"33,947"
Massachusetts,,Raynham,0,1,1,0,0,0,0,0,1,1,"13,772"
Massachusetts,,Reading,1,0,0,0,0,0,0,0,1,0,"25,705"
Massachusetts,,Rockport,0,1,0,0,0,0,0,0,0,1,"7,229"
Massachusetts,,Salem,3,1,3,0,0,0,3,1,2,1,"43,090"
Massachusetts,,Salisbury,1,0,0,0,0,0,0,0,1,0,"8,813"
Massachusetts,,Sherborn,0,1,0,0,0,0,1,0,0,0,"4,320"
Massachusetts,,Somerville,3,0,1,0,1,1,2,0,2,2,"79,734"
Massachusetts,,Southborough,1,0,0,0,0,0,0,0,1,0,"9,989"
Massachusetts,,South Hadley,0,0,1,0,0,0,0,0,1,0,"17,684"
Massachusetts,,Springfield,4,0,3,0,0,0,1,2,2,2,"154,090"
Massachusetts,,Stoneham,3,1,0,0,0,1,0,0,3,2,"22,041"
Massachusetts,,Stoughton,0,0,1,0,0,0,0,0,1,0,"28,748"
Massachusetts,,Sutton,1,0,0,0,0,0,0,0,0,1,"9,264"
Massachusetts,,Swampscott,0,0,0,0,2,0,0,1,1,0,"14,071"
Massachusetts,,Taunton,0,0,1,0,3,10,6,2,5,1,"56,731"
Massachusetts,,Tisbury,1,0,0,0,0,0,0,0,0,1,"4,173"
Massachusetts,,Wakefield,0,1,0,0,0,0,0,1,0,0,"27,206"
Massachusetts,,Waltham,0,0,1,1,0,3,0,0,2,3,"63,590"
Massachusetts,,Wareham,1,0,0,0,0,0,1,0,0,0,"22,640"
Massachusetts,,Watertown,0,1,1,0,0,0,2,0,0,0,"34,701"
Massachusetts,,Woburn,1,0,0,0,0,0,1,0,0,0,"39,539"
Massachusetts,,Worcester,3,1,0,0,0,0,1,2,1,0,"183,377"
Massachusetts,Universities and Colleges,,13,10,4,0,0,0,,,,,
Massachusetts,,Bentley University,0,1,0,0,0,0,0,0,1,0,"5,565"
Massachusetts,,Boston University,3,1,1,0,0,0,1,1,2,1,"32,112"
Massachusetts,,Bristol Community College,1,0,0,0,0,0,1,0,0,0,"9,189"
Massachusetts,,Clark University,0,2,0,0,0,0,0,0,1,1,"3,423"
Massachusetts,,Emerson College,1,0,0,0,0,0,1,0,0,0,"4,545"
Massachusetts,,Endicott College,0,1,0,0,0,0,0,0,0,1,"4,429"
Massachusetts,,Framingham State University,0,1,0,0,0,0,0,0,1,0,"6,499"
Massachusetts,,Massachusetts Institute of Technology,3,0,0,0,0,0,2,1,0,0,"11,319"
Massachusetts,,Northeastern University,4,4,3,0,0,0,4,0,1,6,"19,798"
Massachusetts,,Springfield Technical Community College,1,0,0,0,0,0,0,1,0,0,"6,622"
Massachusetts,Other Agencies,,1,2,0,0,0,0,,,,,
Massachusetts,,Massachusetts General Hospital,1,2,0,0,0,0,0,1,1,1,
Michigan,Total,,198,48,51,11,1,0,,,,,
Michigan,Cities,,167,35,41,10,1,0,,,,,
Michigan,,Adrian,1,0,0,0,0,0,0,0,1,0,"20,762"
Michigan,,Albion,0,3,1,0,1,0,1,0,0,4,"8,184"
Michigan,,Ann Arbor,3,3,2,0,0,0,3,1,3,1,"118,730"
Michigan,,Bangor,1,0,0,0,0,0,0,0,1,0,"1,852"
Michigan,,Battle Creek,2,0,0,0,0,0,0,1,1,0,"61,240"
Michigan,,Benton Harbor,1,0,0,0,0,0,0,1,0,0,"10,012"
Michigan,,Berkley,2,0,0,0,0,0,0,1,0,1,"15,349"
Michigan,,Blackman Township,1,0,0,0,0,0,0,0,0,1,"37,632"
Michigan,,Bloomfield Hills,1,0,0,0,0,0,0,0,0,1,"4,021"
Michigan,,Bloomfield Township,1,0,0,0,0,0,1,0,0,0,"42,190"
Michigan,,Cadillac,2,1,0,0,0,0,0,1,0,2,"10,329"
Michigan,,Calumet,1,0,0,0,0,0,0,0,1,0,703
Michigan,,Canton Township,1,0,1,0,0,0,1,0,1,0,"89,628"
Michigan,,Cassopolis,1,0,0,0,0,0,0,0,1,0,"1,730"
Michigan,,Cheboygan,1,0,0,0,0,0,0,0,0,1,"4,760"
Michigan,,Chocolay Township,0,1,0,0,0,0,0,0,0,1,"6,003"
Michigan,,Clay Township,0,1,0,0,0,0,0,0,1,0,"8,861"
Michigan,,Clinton Township,1,0,1,1,0,0,0,1,1,1,"99,662"
Michigan,,Clio,1,0,0,0,0,0,0,1,0,0,"2,533"
Michigan,,Coleman,1,0,0,0,0,0,0,0,1,0,"1,203"
Michigan,,Dearborn,3,3,0,0,0,0,1,1,3,1,"94,962"
Michigan,,Decatur,1,0,0,0,0,0,1,0,0,0,"1,764"
Michigan,,Detroit,2,0,6,0,0,0,1,2,5,0,"673,225"
Michigan,,East Lansing,3,0,0,0,0,0,0,0,1,2,"48,668"
Michigan,,Elsie,1,0,0,0,0,0,1,0,0,0,981
Michigan,,Ferndale,1,1,1,0,0,0,1,0,2,0,"20,345"
Michigan,,Flint,3,0,1,2,0,0,1,0,4,1,"98,221"
Michigan,,Flint Township,2,0,0,0,0,0,1,0,1,0,"30,654"
Michigan,,Fraser,1,1,0,0,0,0,0,1,1,0,"14,658"
Michigan,,Galesburg,13,0,0,0,0,0,4,5,1,3,"2,046"
Michigan,,Gaylord,1,0,0,0,0,0,0,0,1,0,"3,648"
Michigan,,Genesee Township,1,1,0,0,0,0,0,1,1,0,"20,540"
Michigan,,Gibraltar,1,0,0,0,0,0,0,0,1,0,"4,523"
Michigan,,Grand Haven,1,0,0,0,0,0,0,1,0,0,"11,108"
Michigan,,Grand Rapids,3,0,0,0,0,0,0,0,2,1,"195,268"
Michigan,,Grandville,2,0,0,0,0,0,1,1,0,0,"15,980"
Michigan,,Grosse Pointe Woods,0,0,1,0,0,0,0,0,0,1,"15,773"
Michigan,,Hamtramck,0,3,0,0,0,0,0,2,0,1,"22,030"
Michigan,,Highland Township,1,0,0,0,0,0,1,0,0,0,"19,856"
Michigan,,Hillsdale,3,0,0,0,0,0,2,0,0,1,"8,116"
Michigan,,Holland,1,0,1,0,0,0,2,0,0,0,"33,794"
Michigan,,Howell,1,0,0,0,0,0,0,1,0,0,"9,629"
Michigan,,Huron Township,0,0,0,1,0,0,0,0,1,0,"15,635"
Michigan,,Independence Township,1,1,0,0,0,0,0,1,0,1,"36,520"
Michigan,,Jackson,1,1,3,0,0,0,0,0,0,5,"33,126"
Michigan,,Keego Harbor,1,0,0,0,0,0,0,0,1,0,"3,040"
Michigan,,Kentwood,1,3,1,0,0,0,0,0,3,2,"51,287"
Michigan,,Kinde,1,0,0,0,0,0,1,0,0,0,432
Michigan,,Lake Linden,1,0,0,0,0,0,1,0,0,0,990
Michigan,,Lansing,2,0,3,0,0,0,1,1,1,2,"114,694"
Michigan,,Lansing Township,0,0,0,2,0,0,0,1,0,1,"8,109"
Michigan,,Lapeer,4,0,0,0,0,0,0,1,1,2,"8,747"
Michigan,,Lincoln Park,2,0,0,0,0,0,0,0,1,1,"37,027"
Michigan,,Marshall,0,2,0,0,0,0,2,0,0,0,"7,024"
Michigan,,Mason,2,0,0,0,0,0,0,0,2,0,"8,335"
Michigan,,Meridian Township,1,1,1,1,0,0,0,2,1,1,"42,304"
Michigan,,Milan,1,0,0,0,0,0,1,0,0,0,"5,978"
Michigan,,Milford,0,1,0,0,0,0,0,0,1,0,"16,676"
Michigan,,Monroe,5,0,1,0,0,0,1,0,5,0,"20,074"
Michigan,,Muskegon,3,0,1,0,0,0,0,2,2,0,"38,442"
Michigan,,Muskegon Township,1,0,0,0,0,0,0,1,0,0,"17,762"
Michigan,,Negaunee,1,0,0,0,0,0,0,0,0,1,"4,628"
Michigan,,Northfield Township,1,0,1,0,0,0,0,0,2,0,"8,675"
Michigan,,Northville Township,1,0,0,0,0,0,0,1,0,0,"28,897"
Michigan,,Oscoda Township,2,0,1,0,0,0,1,2,0,0,"6,856"
Michigan,,Owosso,3,0,0,0,0,0,0,1,0,2,"14,679"
Michigan,,Oxford Township,2,0,0,0,0,0,1,1,0,0,"17,989"
Michigan,,Pittsfield Township,0,0,1,0,0,0,0,0,1,0,"38,255"
Michigan,,Pleasant Ridge,0,0,1,0,0,0,0,0,1,0,"2,574"
Michigan,,Port Huron,6,0,0,0,0,0,0,0,1,5,"28,946"
Michigan,,Redford Township,1,0,0,0,0,0,0,1,0,0,"47,244"
Michigan,,Rochester,2,0,0,1,0,0,1,1,0,1,"13,067"
Michigan,,Rochester Hills,2,0,1,0,0,0,0,3,0,0,"73,660"
Michigan,,Romulus,1,0,0,0,0,0,0,0,1,0,"23,386"
Michigan,,Roseville,8,0,1,0,0,0,0,5,2,2,"47,673"
Michigan,,Royal Oak,2,1,0,0,0,0,1,2,0,0,"59,535"
Michigan,,Saginaw,1,0,1,0,0,0,0,0,0,2,"49,459"
Michigan,,Saline,0,0,1,0,0,0,1,0,0,0,"9,246"
Michigan,,Shelby Township,3,0,0,0,0,0,1,0,0,2,"77,636"
Michigan,,Southfield,5,1,1,0,0,0,2,4,1,0,"73,319"
Michigan,,St. Clair Shores,2,0,0,0,0,0,0,1,0,1,"60,116"
Michigan,,St. Joseph,2,0,0,0,0,0,0,0,0,2,"8,316"
Michigan,,Swartz Creek,1,0,0,0,0,0,0,0,0,1,"5,549"
Michigan,,Taylor,0,0,2,0,0,0,0,0,1,1,"61,250"
Michigan,,Traverse City,1,1,2,0,0,0,0,2,2,0,"15,137"
Michigan,,Trenton,2,0,0,0,0,0,0,1,1,0,"18,332"
Michigan,,Troy,3,1,0,0,0,0,0,3,0,1,"83,642"
Michigan,,Van Buren Township,1,0,0,0,0,0,0,0,1,0,"28,202"
Michigan,,Vassar,0,0,1,0,0,0,0,1,0,0,"2,611"
Michigan,,Warren,13,2,2,2,0,0,4,5,4,6,"135,367"
Michigan,,Wayne,1,0,0,0,0,0,0,0,1,0,"16,977"
Michigan,,West Bloomfield Township,2,1,0,0,0,0,0,0,1,2,"66,274"
Michigan,,Westland,0,1,0,0,0,0,1,0,0,0,"81,917"
Michigan,,Wixom,1,0,0,0,0,0,0,0,1,0,"13,806"
Michigan,,Yale,1,0,0,0,0,0,0,0,1,0,"1,909"
Michigan,,Ypsilanti,2,0,0,0,0,0,0,2,0,0,"20,208"
Michigan,Universities and Colleges,,3,2,2,0,0,0,,,,,
Michigan,,Eastern Michigan University,0,0,1,0,0,0,0,0,0,1,"22,401"
Michigan,,Ferris State University,1,0,0,0,0,0,1,0,0,0,"14,600"
Michigan,,Michigan State University,1,1,1,0,0,0,1,2,0,0,"50,081"
Michigan,,"University of Michigan, Ann Arbor",1,1,0,0,0,0,0,1,0,1,"43,625"
Michigan,Metropolitan Counties,,19,7,3,1,0,0,,,,,
Michigan,,Calhoun,1,0,0,0,0,0,0,0,1,0,
Michigan,,Eaton,2,0,1,0,0,0,0,1,0,2,
Michigan,,Genesee,0,1,0,0,0,0,0,1,0,0,
Michigan,,Kalamazoo,1,0,0,0,0,0,0,0,1,0,
Michigan,,Kent,1,1,1,0,0,0,1,1,1,0,
Michigan,,Lapeer,1,1,0,0,0,0,0,1,0,1,
Michigan,,Livingston,1,0,0,1,0,0,0,0,2,,
Michigan,,Macomb,2,0,0,0,0,0,0,1,0,1,
Michigan,,Midland,1,0,0,0,0,0,0,0,1,0,
Michigan,,Monroe,1,1,0,0,0,0,1,1,0,0,
Michigan,,Montcalm,0,1,0,0,0,0,0,0,0,1,
Michigan,,Oakland,1,0,0,0,0,0,0,0,1,0,
Michigan,,Ottawa,2,0,0,0,0,0,0,1,1,0,
Michigan,,Van Buren,1,1,0,0,0,0,0,0,2,0,
Michigan,,Washtenaw,4,1,1,0,0,0,2,3,0,1,
Michigan,Nonmetropolitan Counties,,7,2,4,0,0,0,,,,,
Michigan,,Allegan,1,0,0,0,0,0,0,0,1,0,
Michigan,,Cheboygan,1,0,0,0,0,0,0,0,0,1,
Michigan,,Emmet,0,0,2,0,0,0,0,1,1,0,
Michigan,,Grand Traverse,2,1,1,0,0,0,0,2,2,0,
Michigan,,Ionia,1,0,0,0,0,0,0,0,0,1,
Michigan,,Missaukee,1,1,1,0,0,0,1,0,0,2,
Michigan,,Oceana,1,0,0,0,0,0,0,1,0,0,
Michigan,State Police Agencies,,2,1,1,0,0,0,,,,,
Michigan,,State Police:,,,,,,,,,,,
Michigan,,Kent County,1,0,0,0,0,0,0,0,0,1,
Michigan,,Monroe County,1,0,0,0,0,0,0,0,1,0,
Michigan,,Montcalm County,0,1,0,0,0,0,0,0,0,1,
Michigan,,Oakland County,0,0,1,0,0,0,0,0,1,0,
Michigan,Other Agencies,,0,1,0,0,0,0,,,,,
Michigan,,Wayne County Airport,0,1,0,0,0,0,0,1,0,0,
Minnesota,Total,,58,20,31,0,0,0,,,,,
Minnesota,Cities,,58,19,30,0,0,0,,,,,
Minnesota,,Blaine,1,0,0,0,0,0,1,0,0,0,"62,177"
Minnesota,,Brooklyn Park,5,1,2,0,0,0,1,4,0,3,"79,433"
Minnesota,,Coon Rapids,2,0,0,0,0,0,0,1,0,1,"62,256"
Minnesota,,Duluth,2,0,0,0,0,0,1,0,0,1,"86,241"
Minnesota,,Eagan,1,0,0,0,0,0,0,1,0,0,"66,549"
Minnesota,,Eden Prairie,1,0,0,0,0,0,1,0,0,0,"63,835"
Minnesota,,Hopkins,2,0,0,0,0,0,0,0,1,1,"18,167"
Minnesota,,Inver Grove Heights,1,0,0,0,0,0,0,1,0,0,"34,912"
Minnesota,,Mankato,10,1,0,0,0,0,0,5,5,1,"40,669"
Minnesota,,Maple Grove,1,1,1,0,0,0,0,1,1,1,"68,297"
Minnesota,,Maplewood,4,0,0,0,0,0,1,0,3,0,"40,742"
Minnesota,,Minneapolis,6,8,16,0,0,0,3,10,10,7,"413,479"
Minnesota,,Minnetonka,0,1,0,0,0,0,0,0,0,1,"51,921"
Minnesota,,Moorhead,0,0,1,0,0,0,0,0,1,0,"40,283"
Minnesota,,New Hope,1,0,0,0,0,0,0,0,0,1,"20,900"
Minnesota,,Plymouth,1,1,0,0,0,0,0,1,1,0,"76,192"
Minnesota,,Rochester,1,0,1,0,0,0,0,0,2,0,"112,542"
Minnesota,,Roseville,2,0,2,0,0,0,0,2,2,0,"35,729"
Minnesota,,Sartell,0,1,0,0,0,0,0,0,1,0,"16,648"
Minnesota,,Spring Lake Park,2,0,0,0,0,0,0,0,1,1,"6,476"
Minnesota,,St. Cloud,1,2,0,0,0,0,,,1,2,"66,498"
Minnesota,,St. Louis Park,1,2,1,0,0,0,0,3,1,0,"48,074"
Minnesota,,St. Paul,10,1,6,0,0,0,2,5,9,1,"300,721"
Minnesota,,Wadena,2,0,0,0,0,0,0,0,2,0,"4,107"
Minnesota,,Worthington,1,0,0,0,0,0,0,1,0,0,"12,969"
Minnesota,Metropolitan Counties,,0,1,1,0,0,0,,,,,
Minnesota,,Nicollet,0,1,0,0,0,0,0,0,1,0,
Minnesota,,Wright,0,0,1,0,0,0,0,0,0,1,
Missouri,Total,,70,19,8,1,0,2,,,,,
Missouri,Cities,,56,15,7,1,0,2,,,,,
Missouri,,Columbia,3,1,0,0,0,0,0,1,2,1,"118,911"
Missouri,,Fredericktown,0,0,1,0,0,0,0,0,1,0,"4,078"
Missouri,,Gladstone,0,1,0,0,0,0,0,1,0,0,"27,141"
Missouri,,Independence,3,0,0,0,0,0,1,1,1,0,"117,639"
Missouri,,Joplin,1,0,0,0,0,0,0,0,1,0,"51,412"
Missouri,,Kansas City,28,8,4,1,0,1,6,7,14,15,"473,373"
Missouri,,Kirksville,1,0,1,0,0,0,0,0,1,1,"17,662"
Missouri,,Lee's Summit,2,0,0,0,0,0,0,1,,1,"94,450"
Missouri,,Maryville,1,0,0,0,0,0,1,0,0,0,"12,009"
Missouri,,Overland,1,0,0,0,0,0,0,0,1,0,"15,967"
Missouri,,Pagedale,1,0,0,0,0,0,0,0,1,0,"3,310"
Missouri,,Rolla,2,0,0,0,0,0,0,2,0,0,"19,995"
Missouri,,Springfield,2,1,0,0,0,0,1,0,2,0,"166,860"
Missouri,,St. Joseph,1,0,1,0,0,0,0,1,0,1,"77,035"
Missouri,,St. Louis,7,1,0,0,0,0,1,1,3,3,"317,095"
Missouri,,St. Peters,0,0,0,0,0,1,0,0,0,1,"56,923"
Missouri,,University City,2,3,0,0,0,0,0,3,0,2,"35,058"
Missouri,,Warrenton,1,0,0,0,0,0,0,0,1,0,"8,109"
Missouri,Universities and Colleges,,4,4,0,0,0,0,,,,,
Missouri,,Northwest Missouri State University,1,0,0,0,0,0,0,1,0,0,"6,720"
Missouri,,"St. Louis Community College, Meramec",1,0,0,0,0,0,0,1,0,0,"21,218"
Missouri,,"University of Missouri, Columbia",2,4,0,0,0,0,1,1,1,3,"35,425"
Missouri,Metropolitan Counties,,5,0,0,0,0,0,,,,,
Missouri,,St. Louis County Police Department,5,0,0,0,0,0,2,1,0,2,
Missouri,Nonmetropolitan Counties,,4,0,1,0,0,0,,,,,
Missouri,,Laclede,1,0,0,0,0,0,0,0,1,0,
Missouri,,Nodaway,1,0,0,0,0,0,0,1,0,0,
Missouri,,Schuyler,0,0,1,0,0,0,1,0,0,0,
Missouri,,Taney,1,0,0,0,0,0,0,0,1,0,
Missouri,,Worth,1,0,0,0,0,0,0,0,1,0,
Missouri,State Police Agencies,,1,0,0,0,0,0,,,,,
Missouri,,"State Highway Patrol, Jefferson City",1,0,0,0,0,0,0,0,0,1,
Montana,Total,,28,14,2,1,0,0,,,,,
Montana,Cities,,7,6,1,0,0,0,,,,,
Montana,,Billings,3,0,0,0,0,0,1,0,2,0,"109,997"
Montana,,Helena,0,5,0,0,0,0,0,3,1,1,"30,363"
Montana,,Kalispell,1,1,0,0,0,0,1,1,0,0,"21,932"
Montana,,Red Lodge,0,0,1,0,0,0,0,0,1,0,"2,237"
Montana,,Ronan City,1,0,0,0,0,0,0,1,0,0,"1,942"
Montana,,Sidney,1,0,0,0,0,0,0,0,1,0,"6,817"
Montana,,Stevensville,1,0,0,0,0,0,0,0,0,1,"1,925"
Montana,Metropolitan Counties,,17,0,1,0,0,0,,,,,
Montana,,Yellowstone,17,0,1,0,0,0,3,3,11,1,
Montana,Nonmetropolitan Counties,,4,8,0,1,0,0,,,,,
Montana,,Flathead,0,2,0,0,0,0,0,1,1,0,
Montana,,Lewis and Clark,3,5,0,0,0,0,2,6,0,0,
Montana,,McCone,0,0,0,1,0,0,0,1,0,0,
Montana,,Rosebud,1,0,0,0,0,0,0,0,0,1,
Montana,,Stillwater,0,1,0,0,0,0,0,1,0,0,
Nebraska,Total,,10,1,7,0,0,1,,,,,
Nebraska,Cities,,9,1,7,0,0,1,,,,,
Nebraska,,Lincoln,9,1,5,0,0,1,2,4,4,6,"276,585"
Nebraska,,Omaha,0,0,2,0,0,0,1,0,0,1,"452,252"
Nebraska,Universities and Colleges,,1,0,0,0,0,0,,,,,
Nebraska,,"University of Nebraska, Lincoln",1,0,0,0,0,0,1,0,0,0,"25,006"
Nevada,Total,,36,5,17,0,0,0,,,,,
Nevada,Cities,,34,5,17,0,0,0,,,,,
Nevada,,Henderson,7,1,0,0,0,0,2,2,3,1,"282,554"
Nevada,,Las Vegas Metropolitan Police Department,22,4,15,0,0,0,6,14,12,9,"1,562,134"
Nevada,,North Las Vegas,4,0,2,0,0,0,2,1,1,2,"234,386"
Nevada,,Reno,1,0,0,0,0,0,0,0,1,0,"239,721"
Nevada,Universities and Colleges,,2,0,0,0,0,0,,,,,
Nevada,,Truckee Meadows Community College,1,0,0,0,0,0,0,0,1,0,"11,106"
Nevada,,"University of Nevada, Las Vegas",1,0,0,0,0,0,0,0,0,1,"28,515"
New Hampshire,Total,,8,3,2,0,0,0,,,,,
New Hampshire,Cities,,8,3,2,0,0,0,,,,,
New Hampshire,,Antrim,1,0,0,0,0,0,0,1,0,0,"2,659"
New Hampshire,,Barrington,1,0,0,0,0,0,0,1,0,0,"8,814"
New Hampshire,,Concord,3,0,0,0,0,0,0,1,0,2,"42,389"
New Hampshire,,Dublin,1,0,0,0,0,0,0,0,0,1,"1,560"
New Hampshire,,Epping,0,0,1,0,0,0,0,0,0,1,"6,880"
New Hampshire,,Exeter,1,1,0,0,0,0,0,2,0,0,"14,617"
New Hampshire,,Hampton,1,0,1,0,0,0,0,0,1,1,"15,280"
New Hampshire,,Hampton Falls,0,1,0,0,0,0,1,0,0,0,"2,314"
New Hampshire,,Manchester,0,1,0,0,0,0,0,0,0,1,"110,661"
New Jersey,Total,,169,125,33,3,0,0,,,,,
New Jersey,Cities,,167,125,33,3,0,0,,,,,
New Jersey,,Aberdeen Township,6,0,2,0,0,0,3,1,0,4,"18,312"
New Jersey,,Bayonne,0,1,0,0,0,0,0,0,0,1,"66,582"
New Jersey,,Belleville,2,0,0,0,0,0,0,0,1,1,"36,452"
New Jersey,,Bloomingdale,1,0,0,0,0,0,0,0,1,0,"8,299"
New Jersey,,Boonton,1,0,0,0,0,0,0,0,1,0,"8,427"
New Jersey,,Bordentown Township,3,0,0,0,0,0,1,0,2,0,"11,662"
New Jersey,,Bound Brook,1,0,0,0,0,0,0,0,1,0,"11,300"
New Jersey,,Bridgewater Township,0,0,1,0,0,0,1,0,0,0,"44,996"
New Jersey,,Butler,0,1,0,0,0,0,1,0,0,0,"7,719"
New Jersey,,Chatham,1,0,0,0,0,0,1,0,0,0,"9,039"
New Jersey,,Chatham Township,1,0,0,0,0,0,0,0,0,1,"10,654"
New Jersey,,Clifton,1,0,0,0,0,0,0,0,0,1,"86,224"
New Jersey,,Collingswood,1,0,0,0,0,0,0,0,1,0,"13,948"
New Jersey,,Colts Neck Township,0,1,0,0,0,0,0,0,0,1,"10,045"
New Jersey,,Delran Township,4,0,0,0,0,0,2,1,0,1,"16,745"
New Jersey,,Eastampton Township,0,1,0,0,0,0,0,0,0,1,"6,053"
New Jersey,,East Brunswick Township,5,3,0,0,0,0,3,3,0,2,"48,625"
New Jersey,,East Hanover Township,1,0,0,0,0,0,0,0,,1,"11,317"
New Jersey,,East Windsor Township,2,1,0,0,0,0,1,2,0,0,"27,569"
New Jersey,,Edison Township,1,1,0,0,0,0,1,0,1,0,"102,281"
New Jersey,,Egg Harbor Township,1,0,0,0,0,0,0,0,1,,"43,965"
New Jersey,,Englewood,1,1,1,0,0,0,1,0,1,1,"27,752"
New Jersey,,Evesham Township,5,1,1,1,0,0,3,0,2,3,"45,586"
New Jersey,,Ewing Township,0,1,0,0,0,0,1,0,0,0,"36,668"
New Jersey,,"Fairfield Township, Essex County",0,1,0,0,0,0,0,0,0,1,"7,559"
New Jersey,,Florham Park,0,1,0,0,0,0,0,1,0,0,"11,852"
New Jersey,,"Franklin Township, Somerset County",2,0,0,0,0,0,0,1,1,0,"66,831"
New Jersey,,Freehold,1,0,1,0,0,0,0,1,1,0,"11,950"
New Jersey,,Freehold Township,1,0,0,0,0,0,0,1,0,0,"35,723"
New Jersey,,Galloway Township,1,0,0,0,0,0,1,0,0,0,"37,637"
New Jersey,,Garwood,0,1,0,0,0,0,1,0,0,0,"4,540"
New Jersey,,Gibbsboro,1,0,0,0,0,0,0,0,0,1,"2,229"
New Jersey,,Glassboro,2,16,1,0,0,0,1,1,1,16,"19,087"
New Jersey,,Glen Rock,0,1,0,0,0,0,0,0,1,0,"11,953"
New Jersey,,Gloucester City,1,0,0,0,0,0,0,1,0,0,"11,265"
New Jersey,,Green Brook Township,1,0,0,0,0,0,1,0,0,0,"7,261"
New Jersey,,Guttenberg,1,0,0,0,0,0,1,0,0,0,"11,534"
New Jersey,,Hackettstown,1,0,0,0,0,0,0,0,1,0,"9,506"
New Jersey,,"Hamilton Township, Atlantic County",1,0,0,0,0,0,0,0,1,0,"26,671"
New Jersey,,"Hamilton Township, Mercer County",2,0,0,0,0,0,0,1,1,0,"89,124"
New Jersey,,Hanover Township,0,1,0,0,0,0,0,0,0,1,"14,905"
New Jersey,,Harrison Township,1,0,1,0,0,0,1,0,1,0,"12,893"
New Jersey,,Hawthorne,2,0,0,0,0,0,0,2,0,0,"19,078"
New Jersey,,High Bridge,0,1,0,0,0,0,0,0,1,0,"3,573"
New Jersey,,Highland Park,1,2,0,0,0,0,0,0,1,2,"14,525"
New Jersey,,Hightstown,1,0,0,0,0,0,1,0,0,0,"5,574"
New Jersey,,Hillsborough Township,1,0,0,0,0,0,0,1,0,0,"39,830"
New Jersey,,Hoboken,3,1,3,1,0,0,2,1,2,3,"54,050"
New Jersey,,Ho-Ho-Kus,0,1,0,0,0,0,0,1,0,0,"4,188"
New Jersey,,Hopewell Township,1,0,0,0,0,0,0,0,0,1,"18,389"
New Jersey,,Howell Township,5,1,1,0,0,0,2,5,0,0,"52,097"
New Jersey,,Jackson Township,0,1,0,0,0,0,0,0,0,1,"56,815"
New Jersey,,Jersey City,0,0,2,1,0,0,0,0,3,0,"265,159"
New Jersey,,Keansburg,2,0,0,0,0,0,0,1,1,0,"9,815"
New Jersey,,Lacey Township,2,0,0,0,0,0,2,0,0,0,"28,340"
New Jersey,,Lakewood Township,8,17,0,0,0,0,4,11,6,4,"95,743"
New Jersey,,Little Falls Township,1,2,1,0,0,0,2,0,0,2,"14,510"
New Jersey,,Livingston Township,0,2,0,0,0,0,0,2,0,0,"30,021"
New Jersey,,Lodi,1,0,0,0,0,0,0,0,0,1,"24,734"
New Jersey,,Lower Township,1,0,1,0,0,0,0,0,2,0,"22,108"
New Jersey,,Madison,3,3,0,0,0,0,0,3,2,1,"16,197"
New Jersey,,Manalapan Township,1,3,0,0,0,0,0,3,1,0,"40,238"
New Jersey,,Manasquan,0,1,0,0,0,0,0,0,1,0,"5,731"
New Jersey,,Manchester Township,1,0,0,0,0,0,0,0,0,1,"43,661"
New Jersey,,Medford Lakes,0,1,0,0,0,0,0,0,0,1,"4,102"
New Jersey,,Medford Township,1,2,0,0,0,0,2,0,1,0,"23,439"
New Jersey,,Middlesex,1,0,0,0,0,0,0,0,0,1,"13,926"
New Jersey,,Middle Township,0,0,1,0,0,0,0,0,0,1,"18,873"
New Jersey,,Midland Park,0,2,0,0,0,0,0,2,0,0,"7,335"
New Jersey,,Millburn Township,0,1,0,0,0,0,0,1,0,0,"20,441"
New Jersey,,"Monroe Township, Gloucester County",2,0,0,0,0,0,1,1,0,0,"37,624"
New Jersey,,"Monroe Township, Middlesex County",7,1,0,0,0,0,2,3,3,0,"43,654"
New Jersey,,Montclair,2,1,1,0,0,0,2,1,1,0,"38,192"
New Jersey,,Montville Township,0,1,0,0,0,0,0,1,0,0,"21,917"
New Jersey,,Morris Township,0,2,0,0,0,0,0,0,1,1,"22,605"
New Jersey,,Mount Laurel Township,2,0,0,0,0,0,0,0,0,2,"41,705"
New Jersey,,Neptune Township,8,0,2,0,0,0,2,4,1,3,"27,659"
New Jersey,,New Brunswick,4,7,5,0,0,0,2,8,1,5,"57,580"
New Jersey,,New Milford,0,1,1,0,0,0,2,0,0,0,"16,729"
New Jersey,,North Bergen Township,1,0,0,0,0,0,0,1,0,0,"62,928"
New Jersey,,North Brunswick Township,1,0,0,0,0,0,0,0,1,0,"42,696"
New Jersey,,Northfield,1,0,0,0,0,0,0,0,0,1,"8,600"
New Jersey,,North Haledon,1,0,0,0,0,0,1,0,0,0,"8,521"
New Jersey,,Norwood,2,1,0,0,0,0,0,1,1,1,"5,843"
New Jersey,,Palmyra,1,0,1,0,0,0,1,0,1,0,"7,318"
New Jersey,,Paramus,1,1,0,0,0,0,0,0,0,2,"26,903"
New Jersey,,Park Ridge,0,0,1,0,0,0,0,1,0,0,"8,872"
New Jersey,,Parsippany-Troy Hills Township,0,1,0,0,0,0,1,0,0,0,"53,790"
New Jersey,,Passaic,0,3,1,0,0,0,0,3,1,0,"71,807"
New Jersey,,Piscataway Township,5,0,0,0,0,0,3,0,1,1,"59,622"
New Jersey,,Princeton,0,3,0,0,0,0,1,1,0,1,"30,447"
New Jersey,,Randolph Township,5,1,0,0,0,0,1,3,2,0,"26,033"
New Jersey,,Ridgefield Park,0,0,1,0,0,0,0,0,1,0,"13,037"
New Jersey,,Ridgewood,0,1,0,0,0,0,0,0,0,1,"25,581"
New Jersey,,River Edge,0,2,0,0,0,0,0,0,0,2,"11,615"
New Jersey,,Roselle,1,0,0,0,0,0,0,1,0,0,"21,621"
New Jersey,,Saddle Brook Township,2,0,0,0,0,0,2,0,0,0,"14,037"
New Jersey,,Scotch Plains Township,0,1,0,0,0,0,0,1,0,0,"24,179"
New Jersey,,Sea Girt,0,1,0,0,0,0,0,1,0,0,"1,810"
New Jersey,,Secaucus,1,1,0,0,0,0,0,0,0,2,"18,959"
New Jersey,,Somerville,0,1,0,0,0,0,1,0,0,0,"12,162"
New Jersey,,South Amboy,1,0,0,0,0,0,0,0,1,0,"8,886"
New Jersey,,South Brunswick Township,9,1,0,0,0,0,2,2,5,1,"45,509"
New Jersey,,South Plainfield,1,1,0,0,0,0,0,0,1,1,"24,053"
New Jersey,,South River,1,0,0,0,0,0,0,1,0,0,"16,382"
New Jersey,,Springfield,0,1,0,0,0,0,0,1,0,0,"17,518"
New Jersey,,Stone Harbor,1,0,0,0,0,0,0,1,0,0,839
New Jersey,,Union City,1,0,0,0,0,0,0,0,0,1,"69,077"
New Jersey,,Verona,0,6,0,0,0,0,0,1,5,0,"13,769"
New Jersey,,Voorhees Township,1,1,0,0,0,0,0,2,0,0,"28,890"
New Jersey,,Wallington,0,1,0,0,0,0,0,0,1,0,"11,674"
New Jersey,,"Washington Township, Gloucester County",1,0,0,0,0,0,0,1,0,0,"47,588"
New Jersey,,Wayne Township,2,2,0,0,0,0,3,1,0,0,"55,036"
New Jersey,,West Deptford Township,2,1,1,0,0,0,0,1,1,2,"21,276"
New Jersey,,West Long Branch,0,5,0,0,0,0,3,1,0,1,"8,375"
New Jersey,,West Milford Township,2,0,0,0,0,0,1,1,0,0,"26,678"
New Jersey,,West Windsor Township,0,1,0,0,0,0,1,0,0,0,"28,700"
New Jersey,,Winfield Township,1,0,0,0,0,0,0,1,0,0,"1,506"
New Jersey,,Woodbridge Township,2,0,0,0,0,0,1,1,0,0,"100,950"
New Jersey,,Woodbury,5,0,2,0,0,0,0,5,1,1,"9,961"
New Jersey,,Woodstown,0,1,0,0,0,0,0,0,1,0,"3,443"
New Jersey,Metropolitan Counties,,1,0,0,0,0,0,,,,,
New Jersey,,Camden County Police Department,1,0,0,0,0,0,0,0,1,0,
New Jersey,State Police Agencies,,1,0,0,0,0,0,,,,,
New Jersey,,"State Police, Monmouth County",1,0,0,0,0,0,0,1,0,0,
New Mexico,Total,,8,2,3,0,0,0,,, ,,
New Mexico,Cities,,8,2,3,0,0,0,,,,,
New Mexico,,Albuquerque,7,2,3,0,0,0,6,5,1,,"559,721"
New Mexico,,Los Lunas,1,0,0,0,0,0,1,,,,"15,251"
New York,Total,,136,256,104,1,0,3,,,,,
New York,Cities,,99,170,90,1,0,2,,,,,
New York,,Albany,3,0,0,0,0,0,1,1,1,0,"98,772"
New York,,Amherst Town,2,0,0,0,0,0,0,0,2,0,"120,207"
New York,,Auburn,0,0,1,0,0,0,1,0,0,0,"26,865"
New York,,Buffalo,3,0,3,0,0,0,1,1,2,2,"258,096"
New York,,Cairo Town,1,0,0,0,0,0,0,1,0,0,"6,465"
New York,,Cheektowaga Town,1,0,0,0,0,0,0,0,1,0,"78,438"
New York,,Clarkstown Town,0,3,0,0,0,0,1,1,0,1,"82,156"
New York,,Cooperstown Village,1,0,0,0,0,0,0,0,1,0,"1,802"
New York,,Crawford Town,0,2,0,0,0,0,0,0,1,1,"9,213"
New York,,Freeport Village,0,2,0,0,0,0,0,1,1,0,"43,403"
New York,,Greenburgh Town,0,1,0,0,0,0,1,0,0,0,"45,362"
New York,,Hamburg Town,1,0,0,0,0,0,0,1,0,0,"45,942"
New York,,Hastings-on-Hudson Village,0,1,0,0,0,0,0,0,0,1,"8,005"
New York,,Ithaca,0,0,1,0,0,0,0,0,0,1,"30,892"
New York,,Jamestown,1,0,0,0,0,0,0,1,0,0,"30,263"
New York,,Lancaster Town,0,1,0,0,0,0,0,0,0,1,"37,134"
New York,,Middletown,0,1,0,0,0,0,0,0,0,1,"27,633"
New York,,Monroe Village,0,2,0,0,0,0,1,0,1,0,"8,605"
New York,,Mount Vernon,1,0,0,0,0,0,0,0,1,0,"68,734"
New York,,New Rochelle,1,0,0,0,0,0,0,0,1,0,"80,270"
New York,,New York,71,154,81,1,0,0,56,96,71,84,"8,550,861"
New York,,North Greenbush Town,0,0,1,0,0,0,0,0,1,0,"12,132"
New York,,Ogdensburg,0,0,1,0,0,0,0,0,1,0,"10,844"
New York,,Oswego City,1,0,0,0,0,0,0,1,0,0,"17,941"
New York,,Port Washington,0,1,0,0,0,0,0,0,0,1,"19,215"
New York,,Poughkeepsie,3,0,0,0,0,0,1,0,1,1,"30,416"
New York,,Rochester,0,0,0,0,0,1,0,0,1,0,"209,922"
New York,,Saratoga Springs,1,0,0,0,0,0,0,0,0,1,"27,653"
New York,,Schenectady,0,1,0,0,0,0,0,0,0,1,"65,875"
New York,,Scotia Village,1,0,0,0,0,0,0,1,0,0,"7,822"
New York,,Solvay Village,1,0,0,0,0,0,0,0,1,0,"6,423"
New York,,Spring Valley Village,1,0,0,0,0,0,0,1,0,0,"32,795"
New York,,Troy,1,0,0,0,0,0,0,1,0,0,"49,872"
New York,,Tupper Lake Village,1,0,0,0,0,0,0,0,1,0,"3,609"
New York,,Webster Town and Village,1,0,0,0,0,0,0,0,1,0,"44,211"
New York,,Yonkers,2,1,2,0,0,1,0,2,3,1,"201,753"
New York,Universities and Colleges,,4,6,3,0,0,0,,,,,
New York,,"State University of New York, Binghamton",1,1,1,0,0,0,1,0,1,1,"16,695"
New York,,"State University of New York Agricultural and Technical College, Morrisville",1,1,0,0,0,0,0,0,0,2,"2,910"
New York,,State University of New York College:,,,,,,,,,,,
New York,,New Paltz,0,1,0,0,0,0,1,0,0,0,"7,692"
New York,,Oneonta,0,1,0,0,0,0,0,0,0,1,"6,101"
New York,,Potsdam,1,0,2,0,0,0,1,1,0,1,"3,979"
New York,,Purchase,1,2,0,0,0,0,2,0,0,1,"4,225"
New York,Metropolitan Counties,,21,69,10,0,0,1,,,,,
New York,,Dutchess,0,1,0,0,0,0,0,0,0,1,
New York,,Nassau,8,23,1,0,0,0,7,13,6,6,
New York,,Niagara,0,0,1,0,0,0,0,1,0,0,
New York,,Orleans,0,1,0,0,0,0,0,0,1,0,
New York,,Suffolk County Police Department,13,44,8,0,0,1,8,24,18,16,
New York,Nonmetropolitan Counties,,0,0,1,0,0,0,,,,,
New York,,Cattaraugus,0,0,1,0,0,0,1,0,0,0,
New York,State Police Agencies,,7,3,0,0,0,0,,,,,
New York,,State Police:,,,,,,,,,,,
New York,,Cattaraugus County ,1,0,0,0,0,0,0,0,0,1,
New York,,Delaware County ,0,1,0,0,0,0,0,0,0,1,
New York,,Duchess County ,1,0,0,0,0,0,0,0,1,0,
New York,,Franklin County ,1,0,0,0,0,0,1,0,0,0,
New York,,Monroe County ,1,0,0,0,0,0,0,1,0,0,
New York,,Orange County ,0,1,0,0,0,0,0,1,0,0,
New York,,St. Lawrence County ,0,1,0,0,0,0,0,1,0,0,
New York,,Tioga County ,1,0,0,0,0,0,0,0,0,1,
New York,,Warren County ,1,0,0,0,0,0,0,0,0,1,
New York,,Westchester County ,1,0,0,0,0,0,0,1,0,0,
New York,Other Agencies,,5,8,0,0,0,0,,,,,
New York,,New York City Metropolitan Transportation Authority,4,8,0,0,0,0,5,5,2,0,
New York,,"State Park, New York City Region",1,0,0,0,0,0,1,0,0,0,
North Carolina,Total,,106,17,37,2,0,0,,,,,
North Carolina,Cities,,82,14,33,2,0,0,,,,,
North Carolina,,Apex,2,0,1,0,0,0,0,0,3,0,"45,593"
North Carolina,,Asheville,3,1,3,0,0,0,2,2,3,0,"89,003"
North Carolina,,Boone,0,1,0,0,0,0,0,1,0,0,"18,394"
North Carolina,,Brevard,1,0,0,0,0,0,0,0,0,1,"7,695"
North Carolina,,Carrboro,1,0,0,0,0,0,0,0,1,0,"21,340"
North Carolina,,Charlotte-Mecklenburg,16,3,9,1,0,0,3,9,12,5,"877,817"
North Carolina,,Dunn,0,0,2,0,0,0,0,0,2,0,"9,809"
North Carolina,,Durham,4,1,0,0,0,0,0,0,4,1,"257,911"
North Carolina,,Erwin,1,0,0,0,0,0,1,0,0,0,"4,661"
North Carolina,,Fayetteville,3,1,0,1,0,0,1,1,2,1,"204,731"
North Carolina,,Gastonia,6,0,0,0,0,0,3,0,3,0,"74,196"
North Carolina,,Granite Falls,1,0,0,0,0,0,0,0,0,1,"4,661"
North Carolina,,Greensboro,4,2,4,0,0,0,0,2,3,4,"285,950"
North Carolina,,Greenville,2,0,0,0,0,0,1,0,1,0,"91,114"
North Carolina,,Hickory,2,0,0,0,0,0,0,1,1,0,"40,162"
North Carolina,,High Point,1,0,0,0,0,0,1,0,0,0,"109,669"
North Carolina,,Hillsborough,1,0,0,0,0,0,0,0,1,0,"6,460"
North Carolina,,Hope Mills,1,0,0,0,0,0,0,0,0,1,"16,466"
North Carolina,,Jacksonville,1,0,1,0,0,0,0,1,1,0,"68,614"
North Carolina,,Mars Hill,1,0,0,0,0,0,1,0,0,0,"2,300"
North Carolina,,Mayodan,1,0,1,0,0,0,0,1,1,0,"2,461"
North Carolina,,Mint Hill,0,0,1,0,0,0,0,0,1,0,"25,664"
North Carolina,,Mocksville,1,0,0,0,0,0,0,1,0,0,"5,114"
North Carolina,,Newton,1,0,1,0,0,0,0,0,2,0,"13,014"
North Carolina,,Oxford,1,0,0,0,0,0,0,1,0,0,"8,771"
North Carolina,,Raleigh,12,4,6,0,0,0,4,11,3,4,"448,722"
North Carolina,,Reidsville,2,0,0,0,0,0,0,0,2,0,"13,983"
North Carolina,,Rocky Mount,0,0,1,0,0,0,1,0,0,0,"55,978"
North Carolina,,Roxboro,1,0,0,0,0,0,0,0,1,0,"8,293"
North Carolina,,Salisbury,3,0,0,0,0,0,0,1,2,0,"33,761"
North Carolina,,Siler City,2,0,0,0,0,0,0,0,1,1,"8,368"
North Carolina,,Smithfield,2,0,0,0,0,0,0,1,0,1,"11,924"
North Carolina,,Wilmington,3,1,3,0,0,0,0,2,2,3,"115,434"
North Carolina,,Wilson,2,0,0,0,0,0,0,2,0,0,"49,442"
North Carolina,Universities and Colleges,,6,0,3,0,0,0,,,,,
North Carolina,,Duke University,1,0,1,0,0,0,0,0,0,2,"15,856"
North Carolina,,East Carolina University,1,0,0,0,0,0,0,0,0,1,"27,511"
North Carolina,,Elizabeth City State University,1,0,0,0,0,0,0,0,0,1,"1,867"
North Carolina,,North Carolina School of the Arts,2,0,0,0,0,0,1,0,0,1,958
North Carolina,,University of North Carolina:,,,,,,,,,,,
North Carolina,,Greensboro,1,0,0,0,0,0,1,0,0,0,"18,647"
North Carolina,,Pembroke,0,0,2,0,0,0,2,0,0,0,"6,269"
North Carolina,Metropolitan Counties,,15,3,0,0,0,0,,,,,
North Carolina,,Cabarrus,0,1,0,0,0,0,0,0,0,1,
North Carolina,,Caldwell,0,1,0,0,0,0,0,0,1,0,
North Carolina,,Currituck,1,0,0,0,0,0,0,1,0,0,
North Carolina,,Forsyth,5,0,0,0,0,0,1,0,3,1,
North Carolina,,Franklin,4,0,0,0,0,0,0,0,2,2,
North Carolina,,Gaston County Police Department,1,0,0,0,0,0,0,0,0,1,
North Carolina,,Guilford,0,1,0,0,0,0,0,1,0,0,
North Carolina,,New Hanover,1,0,0,0,0,0,0,1,0,0,
North Carolina,,Pitt,3,0,0,0,0,0,0,1,1,1,
North Carolina,Nonmetropolitan Counties,,3,0,1,0,0,0,,,,,
North Carolina,,Bladen,1,0,0,0,0,0,0,0,1,0,
North Carolina,,Cleveland,1,0,0,0,0,0,0,0,1,0,
North Carolina,,Rutherford,1,0,1,0,0,0,2,0,0,0,
North Dakota,Total,,29,3,4,0,0,0,,,,,
North Dakota,Cities,,23,2,2,0,0,0,,,,,
North Dakota,,Belfield,1,0,0,0,0,0,0,0,0,1,"1,092"
North Dakota,,Bismarck,8,0,0,0,0,0,4,3,1,0,"70,873"
North Dakota,,Devils lake,1,0,0,0,0,0,0,1,0,,"7,326"
North Dakota,,Dickinson,0,0,1,0,0,0,0,1,0,0,"23,564"
North Dakota,,Fargo,8,1,0,0,0,0,2,3,3,1,"118,490"
North Dakota,,Grand Forks,1,0,0,0,0,0,0,1,0,0,"56,861"
North Dakota,,Mandan,1,0,0,0,0,0,0,1,0,0,"21,448"
North Dakota,,Minot,1,0,0,0,0,0,0,1,0,0,"49,842"
North Dakota,,Rugby,1,0,0,0,0,0,0,0,0,1,"2,919"
North Dakota,,Wahpeton,1,0,0,0,0,0,0,0,0,1,"7,940"
North Dakota,,Watford City,0,1,0,0,0,0,0,0,1,0,"5,235"
North Dakota,,Williston,0,0,1,0,0,0,0,0,0,1,"27,324"
North Dakota,Universities and Colleges,,0,0,1,0,0,0,,,,,
North Dakota,,University of North Dakota,0,0,1,0,0,0,0,0,0,1,"14,906"
North Dakota,Metropolitan Counties,,0,1,0,0,0,0,,,,,
North Dakota,,Morton,0,1,0,0,0,0,0,0,1,0,
North Dakota,Nonmetropolitan Counties,,6,0,1,0,0,0,,,,,
North Dakota,,Barnes,1,0,0,0,0,0,0,0,1,0,
North Dakota,,McKenzie,2,0,0,0,0,0,0,0,2,0,
North Dakota,,McLean,1,0,0,0,0,0,0,1,0,0,
North Dakota,,Ramsey,1,0,1,0,0,0,1,0,0,1,
North Dakota,,Richland,1,0,0,0,0,0,0,1,0,0,
Ohio,Total,,309,39,58,10,0,0,,,,,
Ohio,Cities,,276,27,52,9,0,0,,,,,
Ohio,,Akron,4,0,0,0,0,0,1,3,0,0,"197,587"
Ohio,,Athens,0,1,0,0,0,0,0,0,0,1,"23,960"
Ohio,,Barberton,5,0,1,0,0,0,3,2,1,0,"26,242"
Ohio,,Bellefontaine,2,0,0,0,0,0,1,1,0,0,"13,124"
Ohio,,Blue Ash,2,0,0,0,0,0,0,1,0,1,"12,159"
Ohio,,Boardman,4,0,0,0,0,0,0,1,2,1,"39,887"
Ohio,,Bowling Green,1,0,0,0,0,0,1,0,0,0,"31,878"
Ohio,,Butler Township,2,0,0,0,0,0,0,1,1,0,"7,857"
Ohio,,Celina,1,0,0,0,0,0,0,0,1,0,"10,366"
Ohio,,Cheviot,1,0,0,0,0,0,0,1,0,0,"8,314"
Ohio,,Cincinnati,23,4,6,0,0,0,7,8,10,8,"298,478"
Ohio,,Cleveland,6,1,0,1,0,0,1,5,2,0,"387,921"
Ohio,,Coldwater,1,0,0,0,0,0,0,0,1,0,"4,459"
Ohio,,Columbus,114,9,14,0,0,0,15,39,56,27,"847,745"
Ohio,,Columbus Grove,1,0,0,0,0,0,0,0,1,0,"2,071"
Ohio,,Conneaut,0,0,0,5,0,0,,0,5,,"12,809"
Ohio,,Cortland,1,0,0,0,0,0,0,0,1,0,"6,931"
Ohio,,Dayton,4,1,0,0,0,0,2,0,2,1,"140,683"
Ohio,,Defiance,1,0,0,0,0,0,0,1,0,0,"16,698"
Ohio,,Elmwood Place,7,0,0,0,0,0,0,7,0,0,"2,170"
Ohio,,Fairborn,1,1,0,0,0,0,0,1,1,0,"33,423"
Ohio,,Forest Park,1,0,0,0,0,0,0,0,0,1,"18,726"
Ohio,,Fostoria,1,0,0,0,0,0,1,0,0,0,"13,126"
Ohio,,Gahanna,1,0,0,0,0,0,0,0,0,1,"34,508"
Ohio,,Garfield Heights,1,0,0,0,0,0,1,0,0,,"28,088"
Ohio,,Glouster,1,0,0,0,0,0,0,1,0,0,"1,787"
Ohio,,Greenhills,2,0,0,0,0,0,0,0,1,1,"3,592"
Ohio,,Grove City,3,0,0,0,0,0,0,2,0,1,"39,251"
Ohio,,Hamilton,6,0,4,1,0,0,2,2,3,4,"62,526"
Ohio,,Haskins,1,0,0,0,0,0,0,1,0,0,"1,232"
Ohio,,Heath,4,0,1,0,0,0,1,2,1,1,"10,496"
Ohio,,Holland,2,0,0,0,0,0,0,0,1,1,"1,702"
Ohio,,Howland Township,1,0,0,0,0,0,0,0,1,0,"16,857"
Ohio,,Huber Heights,2,0,0,0,0,0,1,1,0,0,"38,164"
Ohio,,Independence,1,0,1,0,0,0,0,0,2,0,"7,139"
Ohio,,"Jackson Township, Stark County",2,0,1,0,0,0,0,2,1,0,"40,779"
Ohio,,Lakewood,9,0,0,0,0,0,9,0,,,"50,653"
Ohio,,Lancaster,0,0,1,0,0,0,0,0,1,0,"39,793"
Ohio,,Lorain,1,0,0,0,0,0,0,0,1,,"63,700"
Ohio,,Lyndhurst,0,1,0,0,0,0,0,0,1,0,"13,672"
Ohio,,"Madison Township, Franklin County",2,0,1,0,0,0,0,1,2,0,"18,260"
Ohio,,Mansfield,3,0,0,0,0,0,0,1,2,0,"46,605"
Ohio,,Massillon,1,0,0,0,0,0,0,0,1,0,"32,301"
Ohio,,Maumee,0,0,1,0,0,0,0,1,0,0,"13,978"
Ohio,,Medina Township,0,1,0,0,0,0,0,0,1,0,"8,961"
Ohio,,Mentor,1,0,0,0,0,0,0,0,0,1,"46,802"
Ohio,,Miamisburg,0,0,0,1,0,0,1,0,0,0,"20,064"
Ohio,,"Miami Township, Montgomery County",1,1,0,0,0,0,0,0,0,2,"29,134"
Ohio,,Monroe,4,0,0,0,0,0,2,1,1,0,"15,814"
Ohio,,Montpelier,2,0,0,0,0,0,0,0,2,0,"4,010"
Ohio,,Montville Township,0,1,0,0,0,0,0,1,0,0,"11,738"
Ohio,,Moraine,2,0,0,0,0,0,1,1,0,0,"6,378"
Ohio,,Mount Healthy,1,0,0,0,0,0,0,1,0,0,"6,053"
Ohio,,Mount Vernon,1,0,0,0,0,0,0,1,0,0,"16,727"
Ohio,,Newton Falls,0,0,2,0,0,0,1,0,1,0,"4,656"
Ohio,,Niles,4,2,0,0,0,0,1,2,1,2,"18,667"
Ohio,,North Canton,1,0,0,0,0,0,0,0,1,0,"17,496"
Ohio,,Norton,2,0,1,0,0,0,0,1,1,1,"12,031"
Ohio,,Parma,1,0,0,0,0,0,0,0,0,1,"79,655"
Ohio,,Portsmouth,0,0,1,0,0,0,0,0,1,0,"20,346"
Ohio,,Sidney,0,0,1,0,0,0,0,0,0,1,"20,836"
Ohio,,"Springfield Township, Hamilton County",1,0,2,0,0,0,2,1,0,0,"36,574"
Ohio,,Streetsboro,0,0,1,0,0,0,1,0,0,0,"16,286"
Ohio,,Sugarcreek Township,1,0,0,0,0,0,0,0,0,1,"8,212"
Ohio,,Sunbury,1,0,0,0,0,0,0,0,0,1,"5,037"
Ohio,,Toledo,13,1,5,0,0,0,3,3,12,1,"279,552"
Ohio,,Upper Arlington,1,1,0,0,0,0,0,1,1,0,"34,838"
Ohio,,Urbana,2,1,0,0,0,0,0,1,2,0,"11,453"
Ohio,,Vandalia,1,0,0,0,0,0,0,0,0,1,"15,106"
Ohio,,Van Wert,0,0,1,0,0,0,0,0,0,1,"10,755"
Ohio,,Vienna Township,0,0,0,1,0,0,0,0,0,1,"3,844"
Ohio,,Wadsworth,1,0,5,0,0,0,0,0,0,6,"21,966"
Ohio,,Washington Court House,0,0,1,0,0,0,0,0,1,0,"14,060"
Ohio,,Weathersfield,1,0,0,0,0,0,0,0,1,0,"8,091"
Ohio,,Wellston,1,0,0,0,0,0,1,0,0,0,"5,503"
Ohio,,West Carrollton,1,0,0,0,0,0,,,,1,"12,983"
Ohio,,West Chester Township,1,0,0,0,0,0,1,0,0,0,"60,365"
Ohio,,Wilmington,2,0,0,0,0,0,0,1,1,0,"12,350"
Ohio,,Wooster,1,0,0,0,0,0,0,1,0,0,"26,651"
Ohio,,Worthington,1,0,0,0,0,0,0,0,1,0,"14,594"
Ohio,,Youngstown,1,1,0,0,0,0,0,1,0,1,"64,608"
Ohio,,Zanesville,0,0,1,0,0,0,0,0,1,0,"25,337"
Ohio,Universities and Colleges,,5,2,0,0,0,0,,,,,
Ohio,,Bowling Green State University,1,0,0,0,0,0,0,0,1,0,"16,554"
Ohio,,Capital University,1,1,0,0,0,0,0,0,1,1,"3,494"
Ohio,,Lakeland Community College,1,0,0,0,0,0,0,1,0,0,"8,250"
Ohio,,Miami University,1,0,0,0,0,0,0,0,0,1,"18,620"
Ohio,,"Ohio State University, Columbus",1,1,0,0,0,0,1,1,0,0,"58,322"
Ohio,Metropolitan Counties,,16,10,4,0,0,0,,,,,
Ohio,,Butler,3,0,1,0,0,0,2,1,0,1,
Ohio,,Fairfield,1,0,0,0,0,0,1,0,0,0,
Ohio,,Greene,6,4,0,0,0,0,3,6,0,1,
Ohio,,Lawrence,0,0,1,0,0,0,0,0,0,1,
Ohio,,Lorain,1,0,0,0,0,0,0,0,1,0,
Ohio,,Lucas,1,0,0,0,0,0,1,0,0,0,
Ohio,,Montgomery,1,2,1,0,0,0,1,1,0,2,
Ohio,,Stark,2,4,1,0,0,0,1,2,4,0,
Ohio,,Warren,1,0,0,0,0,0,1,0,0,0,
Ohio,Nonmetropolitan Counties,,8,0,1,1,0,0,,,,,
Ohio,,Ashland,1,0,0,0,0,0,0,0,0,1,
Ohio,,Ashtabula,1,0,0,0,0,0,0,0,1,0,
Ohio,,Athens,1,0,0,0,0,0,0,1,0,0,
Ohio,,Gallia,0,0,1,0,0,0,0,0,1,0,
Ohio,,Marion,0,0,0,1,0,0,0,1,0,0,
Ohio,,Preble,1,0,0,0,0,0,0,0,0,1,
Ohio,,Ross,1,0,0,0,0,0,0,1,0,0,
Ohio,,Scioto,1,0,0,0,0,0,0,1,0,0,
Ohio,,Shelby,1,0,0,0,0,0,0,1,0,0,
Ohio,,Washington,1,0,0,0,0,0,0,1,0,0,
Ohio,State Police Agencies,,2,0,1,0,0,0,,,,,
Ohio,,Ohio State Highway Patrol,2,0,1,0,0,0,1,1,0,1,
Ohio,Other Agencies,,2,0,0,0,0,0,,,,,
Ohio,,Cleveland Metropolitan Park District,1,0,0,0,0,0,0,1,0,0,
Ohio,,Hamilton County Park District,1,0,0,0,0,0,0,0,0,1,
Oklahoma,Total,,27,3,7,0,0,0,,,,,
Oklahoma,Cities,,19,3,6,0,0,0,,,,,
Oklahoma,,Apache,1,0,0,0,0,0,0,0,0,1,"1,424"
Oklahoma,,Broken Bow,1,0,0,0,0,0,0,0,0,1,"4,134"
Oklahoma,,Catoosa,1,0,0,0,0,0,1,0,0,0,"7,105"
Oklahoma,,Chickasha,2,0,1,0,0,0,1,1,1,0,"16,408"
Oklahoma,,Choctaw,0,1,0,0,0,0,0,1,0,0,"12,196"
Oklahoma,,Edmond,0,1,0,0,0,0,0,0,0,1,"90,418"
Oklahoma,,Elk City,1,0,0,0,0,0,0,0,1,0,"12,951"
Oklahoma,,Enid,2,0,0,0,0,0,0,0,0,2,"51,870"
Oklahoma,,Guymon,0,1,0,0,0,0,0,1,0,0,"12,281"
Oklahoma,,Jenks,0,0,1,0,0,0,0,0,1,0,"20,710"
Oklahoma,,Lawton,1,0,0,0,0,0,0,1,0,0,"96,801"
Oklahoma,,McAlester,0,0,1,0,0,0,0,0,1,0,"18,215"
Oklahoma,,Muskogee,3,0,0,0,0,0,0,3,0,0,"38,451"
Oklahoma,,Norman,1,0,0,0,0,0,1,0,,,"119,767"
Oklahoma,,Oklahoma City,1,0,2,0,0,0,0,2,1,0,"630,621"
Oklahoma,,Purcell,1,0,0,0,0,0,0,0,0,1,"6,376"
Oklahoma,,Sallisaw,1,0,0,0,0,0,0,1,0,0,"8,581"
Oklahoma,,Sayre,1,0,0,0,0,0,1,0,0,0,"4,846"
Oklahoma,,Stigler,0,0,1,0,0,0,0,0,1,0,"2,755"
Oklahoma,,Stilwell,1,0,0,0,0,0,0,1,0,0,"4,019"
Oklahoma,,Woodward,1,0,0,0,0,0,1,0,0,0,"13,240"
Oklahoma,Metropolitan Counties,,3,0,1,0,0,0,,,,,
Oklahoma,,Lincoln,1,0,0,0,0,0,1,0,0,0,
Oklahoma,,Tulsa,1,0,1,0,0,0,1,0,1,0,
Oklahoma,,Wagoner,1,0,0,0,0,0,0,0,1,0,
Oklahoma,Nonmetropolitan Counties,,5,0,0,0,0,0,,,,,
Oklahoma,,Carter,1,0,0,0,0,0,0,1,0,0,
Oklahoma,,Craig,1,0,0,0,0,0,0,0,1,0,
Oklahoma,,Hughes,1,0,0,0,0,0,0,0,0,1,
Oklahoma,,Kiowa,1,0,0,0,0,0,0,0,1,0,
Oklahoma,,Payne,1,0,0,0,0,0,0,0,0,1,
Oregon,Total,,41,9,11,5,0,0,,,,,
Oregon,Cities,,34,9,9,4,0,0,,,,,
Oregon,,Ashland,0,1,1,0,0,0,1,1,0,0,"20,834"
Oregon,,Corvallis,2,1,0,1,0,0,0,0,3,1,"55,100"
Oregon,,Eugene,25,6,7,2,0,0,9,12,10,8,"161,608"
Oregon,,Hood River,1,0,0,0,0,0,0,1,0,0,"7,556"
Oregon,,La Grande,0,0,0,1,0,0,1,0,0,0,"13,010"
Oregon,,Salem,4,1,1,0,0,0,0,2,3,1,"163,320"
Oregon,,Springfield,1,0,0,0,0,0,0,0,0,1,"60,485"
Oregon,,Sutherlin,1,0,0,0,0,0,0,1,0,0,"7,749"
Oregon,Metropolitan Counties,,1,0,1,0,0,0,,,,,
Oregon,,Deschutes,1,0,0,0,0,0,0,0,1,0,
Oregon,,Jackson,0,0,1,0,0,0,1,0,0,0,
Oregon,Nonmetropolitan Counties,,2,0,0,1,0,0,,,,,
Oregon,,Hood River,1,0,0,0,0,0,0,0,1,0,
Oregon,,Lincoln,0,0,0,1,0,0,1,0,0,,
Oregon,,Umatilla,1,0,0,0,0,0,0,0,0,1,
Oregon,State Police Agencies,,4,0,1,0,0,0,,,,,
Oregon,,State Police:,,,,,,,,,,,
Oregon,,Benton County,1,0,1,0,0,0,1,1,0,0,
Oregon,,Marion County,1,0,0,0,0,0,1,0,0,0,
Oregon,,Tillamook County,2,0,0,0,0,0,0,0,1,1,
Pennsylvania,Total,,40,12,11,0,0,1,,,,,
Pennsylvania,Cities,,27,7,10,0,0,1,,,,,
Pennsylvania,,Brighton Township,1,0,0,0,0,0,0,0,,1,"8,365"
Pennsylvania,,Columbia,1,0,0,0,0,0,1,0,,0,"10,379"
Pennsylvania,,Economy,1,0,0,0,0,0,0,0,0,1,"9,371"
Pennsylvania,,Lancaster,1,0,1,0,0,0,0,0,0,2,"59,295"
Pennsylvania,,New Cumberland,1,0,0,0,0,0,0,0,1,0,"7,268"
Pennsylvania,,New Garden Township,0,0,1,0,0,0,0,1,,,"12,121"
Pennsylvania,,Philadelphia,6,5,3,0,0,0,3,5,2,4,"1,567,810"
Pennsylvania,,Pittsburgh,11,0,3,0,0,0,3,4,2,5,"306,870"
Pennsylvania,,Reading,1,0,0,0,0,1,0,1,,1,"87,744"
Pennsylvania,,Scranton,1,1,0,0,0,0,0,0,,2,"75,087"
Pennsylvania,,State College,2,0,1,0,0,0,1,1,,1,"57,710"
Pennsylvania,,Throop,1,0,0,0,0,0,0,1,,0,"4,039"
Pennsylvania,,"Washington Township, Franklin County",0,1,1,0,0,0,1,0,1,0,"14,559"
Pennsylvania,Universities and Colleges,,4,5,1,0,0,0,,,,,
Pennsylvania,,Elizabethtown College,1,0,0,0,0,0,0,0,,1,"1,822"
Pennsylvania,,Lehigh University,0,0,1,0,0,0,0,0,,1,"7,119"
Pennsylvania,,"Pennsylvania State University, University Park",2,1,0,0,0,0,2,0,,1,"47,040"
Pennsylvania,,University of Pittsburgh:,,,,,,,,,,,
Pennsylvania,,Johnstown,0,4,0,0,0,0,0,0,,4,"2,869"
Pennsylvania,,Pittsburgh,1,0,0,0,0,0,1,0,,0,"28,617"
Pennsylvania,State Police Agencies,,7,0,0,0,0,0,,,,,
Pennsylvania,,State Police: ,,,,,,,,,,,
Pennsylvania,,Elizabethville,2,0,0,0,0,0,1,0,1,,
Pennsylvania,,Fulton County,1,0,0,0,0,0,0,1,,0,
Pennsylvania,,Juniata County,1,0,0,0,0,0,0,0,,1,
Pennsylvania,,Monroe County,1,0,0,0,0,0,0,1,,0,
Pennsylvania,,Skippack County,1,0,0,0,0,0,,1,,0,
Pennsylvania,,Washington County,1,0,0,0,0,0,0,0,,1,
Pennsylvania,Other Agencies,,2,0,0,0,0,0,,,,,
Pennsylvania,,Allegheny County Port Authority,1,0,0,0,0,0,0,1,,,
Pennsylvania,,Delaware County Park,1,0,0,0,0,0,0,0,,1,
Rhode Island,Total,,6,7,5,0,0,0,,,,,
Rhode Island,Cities,,5,7,5,0,0,0,,,,,
Rhode Island,,East Providence,0,0,1,0,0,0,0,1,0,0,"47,428"
Rhode Island,,Newport,0,0,1,0,0,0,0,0,1,0,"23,887"
Rhode Island,,Pawtucket,0,1,0,0,0,0,0,0,0,1,"71,624"
Rhode Island,,Providence,4,4,3,0,0,0,0,3,4,4,"179,522"
Rhode Island,,Richmond,1,0,0,0,0,0,0,0,0,1,"7,592"
Rhode Island,,West Warwick,0,1,0,0,0,0,1,0,0,0,"28,828"
Rhode Island,,Woonsocket,0,1,0,0,0,0,0,0,1,0,"41,261"
Rhode Island,Universities and Colleges,,1,0,0,0,0,0,,,,,
Rhode Island,,University of Rhode Island,1,0,0,0,0,0,0,1,0,0,"16,571"
South Carolina,Total,,44,2,7,2,0,0,,,,,
South Carolina,Cities,,27,0,5,0,0,0,,,,,
South Carolina,,Belton,2,0,0,0,0,0,0,1,1,0,"4,324"
South Carolina,,Blacksburg,1,0,0,0,0,0,1,0,0,0,"1,880"
South Carolina,,Cayce,2,0,0,0,0,0,2,0,0,0,"13,055"
South Carolina,,Charleston,3,0,1,0,0,0,0,2,0,2,"132,585"
South Carolina,,Cheraw,1,0,0,0,0,0,0,0,1,0,"5,781"
South Carolina,,Chester,1,0,0,0,0,0,0,0,1,0,"5,467"
South Carolina,,Columbia,1,0,0,0,0,0,0,0,1,0,"132,495"
South Carolina,,Darlington,0,0,1,0,0,0,0,0,0,1,"6,186"
South Carolina,,Easley,1,0,0,0,0,0,0,0,0,1,"20,676"
South Carolina,,Elgin,2,0,0,0,0,0,0,1,1,0,"1,452"
South Carolina,,Georgetown,0,0,1,0,0,0,0,0,1,0,"9,028"
South Carolina,,Greenville,1,0,0,0,0,0,0,0,1,0,"63,011"
South Carolina,,Hemingway,1,0,0,0,0,0,0,0,0,1,428
South Carolina,,Honea Path,2,0,0,0,0,0,0,2,0,0,"3,697"
South Carolina,,Mauldin,1,0,0,0,0,0,1,0,0,0,"25,246"
South Carolina,,Mount Pleasant,1,0,0,0,0,0,0,1,0,0,"80,446"
South Carolina,,Myrtle Beach,1,0,0,0,0,0,0,0,0,1,"30,731"
South Carolina,,North Charleston,0,0,1,0,0,0,0,0,1,0,"109,051"
South Carolina,,North Myrtle Beach,1,0,0,0,0,0,1,0,0,0,"15,518"
South Carolina,,Orangeburg,1,0,0,0,0,0,0,0,1,0,"13,459"
South Carolina,,Saluda,0,0,1,0,0,0,0,0,1,0,"3,618"
South Carolina,,Santee,1,0,0,0,0,0,0,0,0,1,940
South Carolina,,Summerville,2,0,0,0,0,0,1,0,1,0,"48,071"
South Carolina,,Surfside Beach,1,0,0,0,0,0,0,0,1,0,"4,276"
South Carolina,Universities and Colleges,,2,0,0,1,0,0,,,,,
South Carolina,,Trident Technical College,0,0,0,1,0,0,1,0,0,0,"16,136"
South Carolina,,University of South Carolina:,,,,,,,,,,,
South Carolina,,Columbia,1,0,0,0,0,0,0,0,1,0,"32,971"
South Carolina,,Upstate,1,0,0,0,0,0,0,0,0,1,"5,585"
South Carolina,Metropolitan Counties,,10,1,1,0,0,0,,,,,
South Carolina,,Berkeley,1,0,0,0,0,0,1,0,0,0,
South Carolina,,Charleston,1,0,0,0,0,0,0,0,1,0,
South Carolina,,Greenville,1,0,0,0,0,0,0,1,0,0,
South Carolina,,Horry County Police Department,4,1,0,0,0,0,2,3,0,0,
South Carolina,,Lexington,1,0,0,0,0,0,0,0,1,0,
South Carolina,,Richland,0,0,1,0,0,0,1,0,0,0,
South Carolina,,Sumter,1,0,0,0,0,0,0,0,1,0,
South Carolina,,Union,1,0,0,0,0,0,0,0,1,0,
South Carolina,Nonmetropolitan Counties,,4,0,1,1,0,0,,,,,
South Carolina,,Cherokee,0,0,0,1,0,0,1,0,0,0,
South Carolina,,Colleton,1,0,1,0,0,0,1,0,1,0,
South Carolina,,Georgetown,2,0,0,0,0,0,2,0,0,0,
South Carolina,,Hampton,1,0,0,0,0,0,0,0,0,1,
South Carolina,Other Agencies,,1,1,0,0,0,0,,,,,
South Carolina,,"United States Department of Energy, Savannah River Plant",1,1,0,0,0,0,0,0,2,0,
South Dakota,Total,,9,2,5,0,0,0,,,,,
South Dakota,Cities,,8,2,5,0,0,0,,,,,
South Dakota,,Aberdeen,1,0,0,0,0,0,0,0,0,1,"28,219"
South Dakota,,Beresford,2,0,0,0,0,0,0,2,0,0,"2,029"
South Dakota,,Brookings,2,1,0,0,0,0,1,0,0,2,"23,501"
South Dakota,,Gettysburg,1,0,1,0,0,0,0,0,1,1,"1,174"
South Dakota,,Rapid City,0,1,1,0,0,0,2,0,0,0,"73,801"
South Dakota,,Spearfish,1,0,0,0,0,0,1,0,0,0,"11,225"
South Dakota,,Sturgis,0,0,3,0,0,0,0,0,3,0,"6,767"
South Dakota,,Vermillion,1,0,0,0,0,0,0,0,1,0,"10,732"
South Dakota,Nonmetropolitan Counties,,1,0,0,0,0,0,,,,,
South Dakota,,Brown,1,0,0,0,0,0,0,0,1,0,
Tennessee,Total,,157,28,26,5,1,4,,,,,
Tennessee,Cities,,83,17,22,5,1,1,,,,,
Tennessee,,Atoka,8,0,0,1,0,0,0,5,2,2,"9,042"
Tennessee,,Chapel Hill,0,0,0,1,0,0,0,1,0,0,"1,464"
Tennessee,,Chattanooga,10,6,0,0,0,0,2,1,6,7,"174,969"
Tennessee,,Clarksville,10,3,2,1,0,0,4,4,4,4,"150,319"
Tennessee,,Cleveland,4,0,0,0,0,0,0,1,2,1,"43,650"
Tennessee,,Cookeville,0,1,0,0,0,0,0,0,1,0,"31,509"
Tennessee,,Cowan,0,0,0,1,0,0,0,0,1,0,"1,713"
Tennessee,,Crossville,1,0,1,0,0,0,0,0,2,0,"11,445"
Tennessee,,Dover,1,0,0,0,0,0,1,0,0,0,"1,433"
Tennessee,,Dunlap,1,0,0,0,0,0,0,0,1,0,"5,131"
Tennessee,,Dyersburg,2,0,0,0,0,0,0,1,1,0,"16,766"
Tennessee,,Elizabethton,4,0,0,0,0,0,1,1,2,0,"14,265"
Tennessee,,Fairview,2,0,0,0,0,0,0,0,0,2,"8,331"
Tennessee,,Germantown,0,0,0,0,1,0,0,1,0,0,"39,361"
Tennessee,,Greeneville,5,0,0,0,0,0,2,2,0,1,"15,031"
Tennessee,,Harriman,0,0,1,0,0,0,1,0,0,0,"6,182"
Tennessee,,Huntland,1,0,0,0,0,0,0,1,0,0,858
Tennessee,,Johnson City,1,0,0,0,0,0,1,0,0,0,"66,369"
Tennessee,,Jonesborough,1,0,0,0,0,0,0,0,0,1,"5,283"
Tennessee,,Kingsport,1,0,0,0,0,0,1,0,0,0,"53,091"
Tennessee,,Knoxville,2,1,0,0,0,0,2,0,0,1,"185,638"
Tennessee,,Lafayette,2,0,0,0,0,0,0,0,2,0,"5,075"
Tennessee,,Lawrenceburg,0,0,1,0,0,0,0,1,0,0,"10,514"
Tennessee,,Lebanon,1,0,0,0,0,0,1,0,0,0,"30,266"
Tennessee,,Manchester,0,1,0,0,0,0,0,0,1,0,"10,404"
Tennessee,,Mason,1,0,0,0,0,0,1,0,0,0,"1,598"
Tennessee,,McMinnville,2,0,0,0,0,0,0,1,0,1,"13,622"
Tennessee,,Memphis,7,1,8,0,0,1,3,4,7,3,"657,936"
Tennessee,,Millington,3,0,0,0,0,0,0,2,0,1,"11,061"
Tennessee,,Moscow,1,0,0,1,0,0,1,0,1,0,534
Tennessee,,Munford,2,0,0,0,0,0,0,0,0,2,"6,082"
Tennessee,,Nashville Metropolitan,7,2,6,0,0,0,1,6,6,2,"658,029"
Tennessee,,Niota,0,1,0,0,0,0,0,0,0,1,718
Tennessee,,Portland,0,1,0,0,0,0,0,0,0,1,"12,396"
Tennessee,,Rockwood,1,0,0,0,0,0,0,0,0,1,"5,396"
Tennessee,,Savannah,1,0,0,0,0,0,0,0,1,0,"7,069"
Tennessee,,Smithville,0,0,2,0,0,0,0,0,2,0,"4,694"
Tennessee,,Winchester,1,0,1,0,0,0,0,1,1,0,"8,555"
Tennessee,Universities and Colleges,,3,4,1,0,0,0,,,,,
Tennessee,,East Tennessee State University,1,1,0,0,0,0,0,0,2,0,"14,434"
Tennessee,,Tennessee Technological University,0,0,1,0,0,0,0,1,0,0,"11,339"
Tennessee,,"University of Tennessee, Chattanooga",1,1,0,0,0,0,1,0,0,1,"11,670"
Tennessee,,Vanderbilt University,1,2,0,0,0,0,1,0,0,2,"12,686"
Tennessee,Metropolitan Counties,,59,6,3,0,0,0,,,,,
Tennessee,,Blount,1,0,0,0,0,0,0,0,1,0,
Tennessee,,Bradley,0,1,0,0,0,0,0,0,0,1,
Tennessee,,Cheatham,1,0,0,0,0,0,0,0,0,1,
Tennessee,,Hamilton,3,1,1,0,0,0,3,1,0,1,
Tennessee,,Hickman,1,0,0,0,0,0,1,0,0,0,
Tennessee,,Jefferson,1,0,0,0,0,0,0,1,0,0,
Tennessee,,Knox,1,0,0,0,0,0,0,0,0,1,
Tennessee,,Roane,0,1,2,0,0,0,0,0,1,2,
Tennessee,,Robertson,1,0,0,0,0,0,0,0,0,1,
Tennessee,,Rutherford,1,0,0,0,0,0,0,1,0,0,
Tennessee,,Shelby,28,2,0,0,0,0,12,6,2,10,
Tennessee,,Sullivan,1,0,0,0,0,0,0,1,0,0,
Tennessee,,Tipton,2,0,0,0,0,0,0,1,1,0,
Tennessee,,Washington,18,0,0,0,0,0,9,8,1,0,
Tennessee,,Williamson,0,1,0,0,0,0,0,1,0,0,
Tennessee,Nonmetropolitan Counties,,3,0,0,0,0,0,,,,,
Tennessee,,Bedford,1,0,0,0,0,0,1,0,0,0,
Tennessee,,Gibson,1,0,0,0,0,0,0,0,1,0,
Tennessee,,Lawrence,1,0,0,0,0,0,1,0,0,0,
Tennessee,State Police Agencies,,9,1,0,0,0,3,,,,,
Tennessee,,Department of Safety,9,1,0,0,0,3,4,2,2,5,
Texas,Total,,107,36,41,1,1,5,,,,,
Texas,Cities,,86,35,33,1,1,5,,,,,
Texas,,Austin,5,2,4,0,0,2,3,6,3,1,"938,728"
Texas,,Baytown,0,1,0,0,0,0,,1,,,"77,145"
Texas,,Beaumont,7,1,0,0,0,0,5,1,1,1,"117,635"
Texas,,Bedford,6,0,0,0,0,0,0,2,3,1,"49,377"
Texas,,Burkburnett,0,1,0,0,0,0,1,,,,"11,224"
Texas,,Carrollton,1,0,0,0,0,0,,1,,,"130,676"
Texas,,Cedar Park,4,0,0,0,0,0,2,1,,1,"66,724"
Texas,,Center,4,0,0,0,0,0,1,,3,,"5,246"
Texas,,Cisco,1,0,0,0,0,0,,1,,,"3,746"
Texas,,Commerce,1,0,0,0,0,0,,1,,,"8,732"
Texas,,Corpus Christi,0,0,1,0,0,0,,,,1,"324,326"
Texas,,Dalhart,0,0,1,0,0,0,,1,,,"8,416"
Texas,,Dallas,4,3,2,0,0,2,2,5,2,2,"1,301,977"
Texas,,Denton,1,0,1,1,0,0,0,1,2,0,"131,194"
Texas,,Dublin,1,0,0,0,0,0,,,,1,"3,616"
Texas,,El Paso,0,3,0,0,0,0,1,,2,,"686,077"
Texas,,Fairfield,1,0,0,0,0,0,,,,1,"2,899"
Texas,,Fort Worth,11,5,4,0,0,0,6,7,5,2,"829,731"
Texas,,Frisco,0,1,0,0,0,0,0,0,0,1,"152,678"
Texas,,Galveston,1,0,0,0,0,0,0,1,0,0,"50,065"
Texas,,Gilmer,1,0,0,0,0,0,,1,,,"5,224"
Texas,,Grand Prairie,0,1,0,0,0,0,1,,,,"187,901"
Texas,,Houston,12,3,10,0,1,1,2,13,10,2,"2,275,221"
Texas,,Hurst,1,0,0,0,0,0,0,0,1,0,"39,069"
Texas,,La Grange,1,0,0,0,0,0,,,,1,"4,679"
Texas,,La Porte,1,0,0,0,0,0,,1,,,"35,336"
Texas,,Lewisville,0,1,0,0,0,0,1,0,0,0,"104,741"
Texas,,Longview,2,1,1,0,0,0,0,1,0,3,"81,842"
Texas,,Madisonville,1,0,0,0,0,0,,,1,,"4,589"
Texas,,McKinney,2,0,1,0,0,0,0,2,1,0,"163,406"
Texas,,Missouri City,1,0,0,0,0,0,,1,,,"72,879"
Texas,,Odessa,2,0,2,0,0,0,2,2,,,"118,606"
Texas,,Pearland,2,0,0,0,0,0,0,0,0,2,"106,850"
Texas,,Plano,3,1,0,0,0,0,0,1,2,1,"282,968"
Texas,,Port Lavaca,1,0,0,0,0,0,0,0,1,0,"12,446"
Texas,,Rusk,1,0,0,0,0,0,0,0,1,0,"5,585"
Texas,,Sachse,0,0,1,0,0,0,0,0,0,1,"24,564"
Texas,,San Angelo,0,1,0,0,0,0,0,0,1,0,"100,356"
Texas,,San Antonio,2,8,2,0,0,0,2,2,7,1,"1,463,586"
Texas,,Schertz,0,0,1,0,0,0,,,1,,"38,201"
Texas,,Tyler,2,1,1,0,0,0,0,0,1,3,"102,481"
Texas,,University Park,1,1,0,0,0,0,1,,1,,"24,729"
Texas,,Victoria,1,0,0,0,0,0,0,1,0,0,"66,988"
Texas,,Weatherford,1,0,1,0,0,0,1,1,,,"28,379"
Texas,Universities and Colleges,,6,1,4,0,0,0,,,,,
Texas,,Alamo Community College District,0,0,2,0,0,0,,,2,,"55,967"
Texas,,Texas Christian University,1,0,0,0,0,0,1,,,,"10,033"
Texas,,"Texas Tech University, Lubbock",2,1,0,0,0,0,,3,,,"35,158"
Texas,,University of Texas:,,,,,,,,,,,
Texas,,Arlington,1,0,0,0,0,0,,1,,,"39,740"
Texas,,Austin,2,0,0,0,0,0,,,2,,"51,313"
Texas,,Houston,0,0,1,0,0,0,,,,1,"4,859"
Texas,,Pan American,0,0,1,0,0,0,,,1,,"21,015"
Texas,Metropolitan Counties,,10,0,4,0,0,0,,,,,
Texas,,Brazoria,1,0,0,0,0,0,,1,,,
Texas,,Galveston,3,0,0,0,0,0,,,2,1,
Texas,,Lubbock,2,0,0,0,0,0,1,0,0,1,
Texas,,Martin,1,0,0,0,0,0,,,,1,
Texas,,Parker,1,0,0,0,0,0,1,0,0,0,
Texas,,Smith,2,0,0,0,0,0,,,,2,
Texas,,Travis,0,0,4,0,0,0,2,2,,,
Texas,Nonmetropolitan Counties,,4,0,0,0,0,0,,,,,
Texas,,Gray,1,0,0,0,0,0,,,,1,
Texas,,Young,1,0,0,0,0,0,,,,1,
Texas,,Zavala,2,0,0,0,0,0,,,1,1,
Texas,Other Agencies,,1,0,0,0,0,0,,,,,
Texas,,"Hospital District, Dallas County",1,0,0,0,0,0,,,1,,
Utah,Total,,29,11,7,0,0,0,,,,,
Utah,Cities,,22,9,5,0,0,0,,,,,
Utah,,Bountiful,2,0,0,0,0,0,1,0,1,0,"43,570"
Utah,,Farmington,1,0,0,0,0,0,0,1,0,0,"23,198"
Utah,,Grantsville,0,2,0,0,0,0,0,0,0,2,"10,071"
Utah,,Ogden,0,2,0,0,0,0,0,0,2,0,"84,642"
Utah,,Price,2,0,0,0,0,0,1,0,0,1,"8,269"
Utah,,Roosevelt,2,0,0,0,0,0,0,0,1,1,"6,970"
Utah,,Salt Lake City,1,1,2,0,0,0,0,3,1,0,"191,992"
Utah,,Sandy,2,0,0,0,0,0,0,0,0,2,"92,013"
Utah,,Saratoga Springs,1,0,0,0,0,0,0,0,1,0,"26,260"
Utah,,South Salt Lake,1,0,1,0,0,0,1,0,1,0,"25,020"
Utah,,St. George,1,0,1,0,0,0,0,0,0,2,"79,984"
Utah,,Tooele,2,2,0,0,0,0,0,1,2,1,"32,789"
Utah,,Vernal,0,1,0,0,0,0,1,0,0,0,"11,346"
Utah,,West Bountiful,2,0,0,0,0,0,0,1,1,0,"5,488"
Utah,,West Jordan,1,0,0,0,0,0,0,0,0,1,"112,687"
Utah,,West Valley,4,1,1,0,0,0,2,0,0,4,"135,744"
Utah,Universities and Colleges,,1,1,0,0,0,0,,,,,
Utah,,Brigham Young University,1,1,0,0,0,0,0,2,0,0,"30,484"
Utah,Metropolitan Counties,,2,1,1,0,0,0,,,,,
Utah,,Davis,1,0,0,0,0,0,0,0,0,1,
Utah,,Washington,1,1,1,0,0,0,1,0,2,0,
Utah,Nonmetropolitan Counties,,1,0,1,0,0,0,,,,,
Utah,,Duchesne,1,0,0,0,0,0,0,1,0,0,
Utah,,Uintah,0,0,1,0,0,0,0,0,1,0,
Utah,Other Agencies,,3,0,0,0,0,0,,,,,
Utah,,Utah Transit Authority,3,0,0,0,0,0,2,0,1,0,
Vermont,Total,,5,0,2,0,0,1,,,,,
Vermont,Cities,,4,0,1,0,0,0,,,,,
Vermont,,Burlington,4,0,0,0,0,0,0,2,0,2,"42,160"
Vermont,,South Burlington,0,0,1,0,0,0,0,0,0,1,"18,946"
Vermont,Universities and Colleges,,1,0,0,0,0,0,,,,,
Vermont,,University of Vermont,1,0,0,0,0,0,0,0,0,1,"12,856"
Vermont,Nonmetropolitan Counties,,0,0,0,0,0,1,,,,,
Vermont,,Windham,0,0,0,0,0,1,0,0,1,0,
Vermont,State Police Agencies,,0,0,1,0,0,0,,,,,
Vermont,,"State Police, Brattleboro",0,0,1,0,0,0,0,1,0,0,
Virginia,Total,,108,24,24,2,0,0,,,,,
Virginia,Cities,,53,5,15,1,0,0,,,,,
Virginia,,Alexandria,1,0,0,0,0,0,0,0,1,0,"152,710"
Virginia,,Altavista,1,0,0,0,0,0,0,0,1,0,"3,462"
Virginia,,Bedford,1,0,0,0,0,0,0,0,0,1,"6,437"
Virginia,,Charlottesville,1,0,0,0,0,0,1,0,0,0,"45,997"
Virginia,,Chesapeake,15,0,0,0,0,0,1,2,3,9,"235,273"
Virginia,,Chilhowie,0,1,0,0,0,0,0,0,1,0,"1,741"
Virginia,,Danville,1,0,0,0,0,0,0,0,1,0,"42,210"
Virginia,,Emporia,1,0,0,0,0,0,1,0,0,0,"5,339"
Virginia,,Fairfax City,1,0,0,0,0,0,1,0,0,0,"24,911"
Virginia,,Front Royal,2,0,0,0,0,0,0,1,1,0,"15,184"
Virginia,,Galax,1,0,0,0,0,0,0,0,1,0,"6,980"
Virginia,,Hampton,4,0,0,0,0,0,1,1,2,0,"136,381"
Virginia,,Herndon,0,1,0,0,0,0,0,0,1,0,"24,849"
Virginia,,Hopewell,1,0,0,0,0,0,0,0,0,1,"22,027"
Virginia,,Kenbridge,1,0,0,0,0,0,0,0,1,0,"1,236"
Virginia,,Leesburg,1,0,0,0,0,0,0,1,0,0,"51,254"
Virginia,,Lynchburg,2,0,0,0,0,0,0,0,2,0,"79,675"
Virginia,,Manassas,0,0,1,0,0,0,0,0,1,0,"42,977"
Virginia,,Marion,0,0,1,0,0,0,0,1,0,0,"5,852"
Virginia,,Newport News,2,0,1,0,0,0,1,0,0,2,"182,975"
Virginia,,Norfolk,4,1,9,1,0,0,0,1,9,5,"245,400"
Virginia,,Richmond,2,0,1,0,0,0,0,2,0,1,"220,802"
Virginia,,Roanoke,2,0,0,0,0,0,0,0,1,1,"99,827"
Virginia,,Smithfield,0,0,1,0,0,0,0,0,1,0,"8,336"
Virginia,,Staunton,1,0,0,0,0,0,0,0,0,1,"24,654"
Virginia,,Vinton,3,0,0,0,0,0,0,2,1,0,"8,210"
Virginia,,Virginia Beach,5,2,1,0,0,0,1,0,4,3,"452,797"
Virginia,Universities and Colleges,,7,5,1,0,0,0,,,,,
Virginia,,Christopher Newport University,1,0,0,0,0,0,0,0,0,1,"5,221"
Virginia,,College of William and Mary,0,1,0,0,0,0,1,0,0,0,"8,437"
Virginia,,George Mason University,1,1,0,0,0,0,0,1,0,1,"33,729"
Virginia,,Longwood University,1,0,1,0,0,0,0,2,0,0,"5,096"
Virginia,,Norfolk State University,1,0,0,0,0,0,0,0,0,1,"6,027"
Virginia,,Northern Virginia Community College,1,2,0,0,0,0,1,0,0,2,"51,487"
Virginia,,University of Richmond,1,0,0,0,0,0,1,0,0,0,"4,182"
Virginia,,University of Virginia,1,0,0,0,0,0,0,0,1,0,"23,732"
Virginia,,Virginia Polytechnic Institute and State University,0,1,0,0,0,0,0,0,0,1,"31,224"
Virginia,Metropolitan Counties,,43,14,6,1,0,0,,,,,
Virginia,,Albemarle County Police Department,6,0,0,0,0,0,1,2,3,0,
Virginia,,Appomattox,0,1,0,0,0,0,0,0,0,1,
Virginia,,Arlington County Police Department,5,0,1,0,0,0,3,0,1,2,
Virginia,,Chesterfield County Police Department,1,2,2,0,0,0,1,2,2,0,
Virginia,,Dinwiddie,3,0,0,0,0,0,0,1,2,0,
Virginia,,Fairfax County Police Department,16,8,2,0,0,0,3,6,9,8,
Virginia,,Franklin,0,0,1,0,0,0,0,0,0,1,
Virginia,,Henrico County Police Department,3,0,0,0,0,0,2,1,0,0,
Virginia,,James City County Police Department,1,0,0,0,0,0,0,0,0,1,
Virginia,,Loudoun,2,1,0,0,0,0,1,0,1,1,
Virginia,,Mathews,1,0,0,0,0,0,0,0,0,1,
Virginia,,Roanoke County Police Department,0,1,0,1,0,0,2,0,0,0,
Virginia,,Rockingham,2,0,0,0,0,0,1,0,1,0,
Virginia,,Spotsylvania,2,1,0,0,0,0,2,0,0,1,
Virginia,,Washington,1,0,0,0,0,0,0,0,1,0,
Virginia,Nonmetropolitan Counties,,4,0,1,0,0,0,,,,,
Virginia,,Accomack,0,0,1,0,0,0,1,0,0,0,
Virginia,,Henry,1,0,0,0,0,0,0,1,0,0,
Virginia,,Madison,1,0,0,0,0,0,0,1,0,0,
Virginia,,Rockbridge,1,0,0,0,0,0,0,0,1,0,
Virginia,,Shenandoah,1,0,0,0,0,0,0,0,1,0,
Virginia,State Police Agencies,,1,0,1,0,0,0,,,,,
Virginia,,State Police:,,,,,,,,,,,
Virginia,,Hanover County,1,0,0,0,0,0,0,0,1,0,
Virginia,,Pittsylvania County,0,0,1,0,0,0,1,0,0,0,
Washington,Total,,160,43,57,3,3,9,,,,,
Washington,Cities,,130,36,52,3,1,9,,,,,
Washington,,Aberdeen,1,0,0,0,0,0,0,1,0,0,"16,100"
Washington,,Anacortes,1,0,0,0,0,0,0,0,0,1,"16,351"
Washington,,Arlington,1,0,0,0,0,0,0,0,0,1,"19,018"
Washington,,Auburn,3,0,0,0,0,0,0,2,0,1,"77,914"
Washington,,Bellevue,1,0,0,1,0,0,0,1,0,1,"138,532"
Washington,,Bellingham,3,1,0,0,1,0,2,0,2,1,"83,976"
Washington,,Bothell,0,3,0,0,0,0,2,0,0,1,"37,346"
Washington,,Burien,1,0,0,0,0,0,1,0,0,0,"50,701"
Washington,,Burlington,1,0,0,0,0,0,0,0,0,1,"8,610"
Washington,,Centralia,0,2,1,0,0,0,1,2,0,0,"16,632"
Washington,,Des Moines,1,0,0,0,0,0,0,0,1,0,"31,335"
Washington,,Edmonds,1,0,1,0,0,0,0,0,0,2,"41,187"
Washington,,Ellensburg,0,0,1,0,0,0,0,0,1,0,"18,899"
Washington,,Everett,1,0,1,0,0,0,0,0,0,2,"107,633"
Washington,,Federal Way,4,1,0,0,0,0,3,0,2,0,"94,424"
Washington,,Fife,1,0,0,0,0,0,0,0,0,1,"9,642"
Washington,,Kelso,0,0,1,0,0,0,0,1,0,0,"11,756"
Washington,,Kent,12,0,1,0,0,0,1,4,6,2,"127,259"
Washington,,Lakewood,2,0,1,0,0,0,1,0,0,2,"59,958"
Washington,,Longview,4,0,1,0,0,0,3,2,0,0,"36,401"
Washington,,Marysville,1,0,0,0,0,0,0,0,0,1,"66,374"
Washington,,Mercer Island,0,1,0,0,0,0,0,0,0,1,"24,737"
Washington,,Moses Lake,2,0,0,0,0,0,0,1,1,0,"22,026"
Washington,,Mountlake Terrace,0,1,0,0,0,0,0,0,0,1,"21,051"
Washington,,Mount Vernon,0,0,1,0,0,0,1,0,0,0,"33,474"
Washington,,Mukilteo,1,0,0,0,0,0,0,0,0,1,"21,171"
Washington,,Olympia,2,0,2,0,0,0,0,1,2,1,"49,875"
Washington,,Omak,0,0,1,0,0,0,0,0,1,0,"4,847"
Washington,,Oroville,0,0,0,1,0,0,0,0,0,1,"1,676"
Washington,,Orting,0,0,1,0,0,0,1,0,0,0,"7,401"
Washington,,Port Angeles,0,1,0,0,0,0,0,1,0,0,"19,304"
Washington,,Pullman,1,0,0,0,0,0,0,1,0,0,"32,174"
Washington,,Puyallup,1,0,0,0,0,0,0,0,1,0,"39,645"
Washington,,Redmond,1,5,0,0,0,0,3,0,0,3,"60,542"
Washington,,Renton,3,1,0,0,0,0,0,2,0,2,"100,015"
Washington,,Republic,0,0,0,0,0,1,0,1,0,0,"1,086"
Washington,,Richland,1,0,0,0,0,0,1,0,0,0,"54,218"
Washington,,Sammamish,1,0,0,0,0,0,1,0,0,0,"52,365"
Washington,,SeaTac,0,0,1,0,0,0,1,0,0,0,"28,418"
Washington,,Seattle,40,8,27,0,0,8,16,32,23,12,"683,700"
Washington,,Shelton,0,0,1,0,0,0,1,0,0,0,"9,758"
Washington,,Shoreline,1,0,0,0,0,0,1,0,0,0,"55,690"
Washington,,Soap Lake,1,0,0,0,0,0,0,1,0,0,"1,594"
Washington,,Spokane,3,4,5,0,0,0,3,1,4,4,"212,698"
Washington,,Spokane Valley,3,1,1,0,0,0,2,2,1,0,"92,157"
Washington,,Steilacoom,1,1,0,0,0,0,0,0,2,0,"6,228"
Washington,,Sunnyside,2,0,0,0,0,0,1,0,0,1,"16,198"
Washington,,Tacoma,6,0,3,0,0,0,2,6,1,0,"206,884"
Washington,,Tukwila,2,2,0,0,0,0,0,2,2,0,"20,116"
Washington,,Vancouver,3,1,0,1,0,0,1,2,1,1,"171,076"
Washington,,Walla Walla,11,0,0,0,0,0,3,3,1,4,"31,940"
Washington,,Washougal,1,0,0,0,0,0,0,1,0,0,"15,220"
Washington,,Woodway,1,0,0,0,0,0,0,0,0,1,"1,362"
Washington,,Yakima,3,3,0,0,0,0,1,2,1,2,"93,798"
Washington,,Zillah,0,0,1,0,0,0,0,1,0,0,"3,138"
Washington,Universities and Colleges,,7,0,2,0,1,0,,,,,
Washington,,Eastern Washington University,2,0,0,0,0,0,0,1,0,1,"13,453"
Washington,,Evergreen State College,0,0,1,0,0,0,1,0,0,0,"4,219"
Washington,,University of Washington,4,0,0,0,1,0,3,1,1,0,"44,784"
Washington,,"Washington State University, Pullman",0,0,1,0,0,0,0,1,0,0,"28,686"
Washington,,Western Washington University,1,0,0,0,0,0,0,0,0,1,"15,060"
Washington,Metropolitan Counties,,19,7,2,0,0,0,,,,,
Washington,,Asotin,1,0,0,0,0,0,0,1,0,0,
Washington,,Clark,1,0,0,0,0,0,0,1,0,0,
Washington,,Cowlitz,1,0,0,0,0,0,1,0,0,0,
Washington,,King,3,2,0,0,0,0,1,1,1,2,
Washington,,Kitsap,1,0,0,0,0,0,0,0,1,0,
Washington,,Pend Oreille,2,0,0,0,0,0,1,0,0,1,
Washington,,Pierce,0,1,0,0,0,0,0,0,1,0,
Washington,,Skagit,1,0,0,0,0,0,0,0,1,0,
Washington,,Snohomish,2,0,1,0,0,0,0,0,0,3,
Washington,,Spokane,2,1,0,0,0,0,2,1,0,0,
Washington,,Thurston,1,0,0,0,0,0,0,1,0,0,
Washington,,Whatcom,3,3,1,0,0,0,4,1,2,0,
Washington,,Yakima,1,0,0,0,0,0,0,0,1,0,
Washington,Nonmetropolitan Counties,,4,0,0,0,1,0,,,,,
Washington,,Clallam,0,0,0,0,1,0,0,0,1,0,
Washington,,Garfield,1,0,0,0,0,0,1,0,0,0,
Washington,,Grays Harbor,1,0,0,0,0,0,0,0,1,0,
Washington,,Lewis,1,0,0,0,0,0,0,0,0,1,
Washington,,Okanogan,1,0,0,0,0,0,0,0,0,1,
Washington,Tribal Agencies,,0,0,1,0,0,0,,,,,
Washington,,Lummi Tribal,0,0,1,0,0,0,0,0,1,0,
West Virginia,Total,,28,3,6,4,0,0,,,,,
West Virginia,Cities,,16,1,3,2,0,0,,,,,
West Virginia,,Buckhannon,1,1,0,0,0,0,0,0,2,0,"5,690"
West Virginia,,Charleston,6,0,3,1,0,0,1,2,3,4,"50,176"
West Virginia,,Moundsville,6,0,0,1,0,0,2,3,2,0,"8,852"
West Virginia,,Oak Hill,2,0,0,0,0,0,1,0,0,1,"8,138"
West Virginia,,Weirton,1,0,0,0,0,0,1,0,0,0,"19,273"
West Virginia,Metropolitan Counties,,6,1,2,1,0,0,,,,,
West Virginia,,Berkeley,0,1,0,0,0,0,0,0,1,0,
West Virginia,,Brooke,2,0,0,0,0,0,0,1,1,0,
West Virginia,,Fayette,2,0,0,0,0,0,0,1,0,1,
West Virginia,,Hancock,2,0,0,1,0,0,1,0,0,2,
West Virginia,,Kanawha,0,0,2,0,0,0,0,0,1,1,
West Virginia,Nonmetropolitan Counties,,6,1,1,1,0,0,,,,,
West Virginia,,Mason,6,1,0,1,0,0,2,3,3,0,
West Virginia,,McDowell,0,0,1,0,0,0,0,1,0,0,
Wisconsin,Total,,27,8,7,0,1,0,,,,,
Wisconsin,Cities,,21,7,4,0,1,0,,,,,
Wisconsin,,Appleton,0,1,1,0,0,0,1,1,0,0,"74,310"
Wisconsin,,Ashland,0,1,0,0,0,0,0,0,0,1,"8,169"
Wisconsin,,Beloit,2,0,0,0,0,0,2,0,0,0,"36,862"
Wisconsin,,Campbell Township,0,0,1,0,0,0,1,0,0,0,"4,429"
Wisconsin,,Darlington,1,0,0,0,0,0,0,1,0,0,"2,402"
Wisconsin,,Fennimore,1,0,0,0,0,0,1,0,0,0,"2,471"
Wisconsin,,Fond du Lac,1,0,0,0,0,0,0,0,1,0,"42,887"
Wisconsin,,Green Bay,1,0,0,0,0,0,0,0,0,1,"105,119"
Wisconsin,,Janesville,1,0,0,0,0,0,0,0,0,1,"64,122"
Wisconsin,,Lancaster,0,0,1,0,0,0,0,0,1,0,"3,765"
Wisconsin,,Madison,4,3,1,0,0,0,3,0,3,2,"248,833"
Wisconsin,,Menomonie,2,0,0,0,0,0,2,0,0,0,"16,223"
Wisconsin,,Milwaukee,4,1,0,0,0,0,3,2,0,0,"600,400"
Wisconsin,,Muscoda,0,0,0,0,1,0,0,0,1,0,"1,263"
Wisconsin,,New Berlin,1,0,0,0,0,0,0,1,0,0,"39,906"
Wisconsin,,Onalaska,1,0,0,0,0,0,0,0,1,0,"18,529"
Wisconsin,,Rhinelander,1,0,0,0,0,0,1,0,0,0,"7,429"
Wisconsin,,River Falls,1,1,0,0,0,0,1,0,0,1,"15,207"
Wisconsin,Universities and Colleges,,0,0,1,0,0,0,,,,,
Wisconsin,,"University of Wisconsin, Platteville",0,0,1,0,0,0,0,0,1,0,"8,901"
Wisconsin,Metropolitan Counties,,2,0,2,0,0,0,,,,,
Wisconsin,,Fond du Lac,0,0,1,0,0,0,0,0,1,0,
Wisconsin,,Rock,2,0,0,0,0,0,0,1,1,0,
Wisconsin,,Waukesha,0,0,1,0,0,0,0,0,0,1,
Wisconsin,Nonmetropolitan Counties,,4,1,0,0,0,0,,,,,
Wisconsin,,Burnett,1,0,0,0,0,0,0,0,0,1,
Wisconsin,,Oneida,0,1,0,0,0,0,0,0,1,0,
Wisconsin,,Sawyer,3,0,0,0,0,0,0,0,1,2,
Wyoming,Total,,2,0,0,0,0,0,,,,,
Wyoming,Cities,,2,0,0,0,0,0,,,,,
Wyoming,,Gillette,2,0,0,0,0,0,0,0,1,1,"32,502"
,,,,,,,,,,,,,
,,,,,,,,,,,,,
