Twitter,City,State,Station Identifier,AM/FM,Channel Number,Twitter Handle,Alternate
Twitter,Birmingham,Alabama,WBHM,FM,90.3,@WBHM,
Twitter,Dothan,Alabama,WRWA,FM,88.7,@troypublicradio,
Twitter,Gadsden,Alabama,WSGN,FM,91.5,@WBHM903,
Twitter,Huntsville,Alabama,WJAB,FM,90.9,@WJAB-TV,
Twitter,Huntsville,Alabama,WLRH,FM,89.3,@WLRH_893FMHD,
Twitter,Jacksonville,Alabama,WLJS,FM,91.9,@WLJS_919,
Twitter,Mobile,Alabama,WHIL,FM,91.3,@WHILFM,
Twitter,Montgomery,Alabama,WVAS,FM,90.7,@WVAS,
Twitter,Montgomery/Troy,Alabama,WTSU,FM,89.9,@troypublicradio,
Twitter,Muscle Shoals,Alabama,WQPR,FM,88.7,@Alpublicradio,
Twitter,Selma,Alabama,WAPR,FM,88.3,@Alpublicradio,
Twitter,Tuscaloosa,Alabama,WUAL,FM,91.5,@Alpublicradio,
Twitter,Anchorage,Alaska,KSKA,FM,91.1,@kska,
Twitter,Barrow,Alaska,KBRW,AM,680,@kyuknews,
Twitter,Barrow,Alaska,KBRW,FM,91.9,@kyuknews,
Twitter,Bethel,Alaska,KYUK,AM,640,@kyuknews,
Twitter,Chevak,Alaska,KCUK,FM,88.1,None,
Twitter,Dillingham,Alaska,KDLG,AM,670,@kdlgradio,
Twitter,Fairbanks,Alaska,KUAC,FM,89.9,@kuacfmtv,
Twitter,Galena,Alaska,KIYU,AM,910,None,
Twitter,Glennallen,Alaska,KXGA,FM,90.5,None,
Twitter,Haines,Alaska,KHNS,FM,102.3,@KHNS_FM,
Twitter,Homer,Alaska,KBBI,AM,890,@KBBINews,
Twitter,Juneau,Alaska,KTOO,FM,104.3,@KTOOpubmedia,
Twitter,Kenai,Alaska,KDLL,FM,91.9,@pickle_hill,
Twitter,Ketchikan,Alaska,KRBD,FM,105.9,@KRBDRadio,
Twitter,Kodiak,Alaska,KMXT,FM,100.1,@kmxtnews,
Twitter,McCarthy,Alaska,KXKM,FM,89.7,@kchuradio,
Twitter,McGrath,Alaska,KSKO,AM,870,@89point5_KSKO,
Twitter,Petersburg,Alaska,KFSK,FM,100.9,@KFSK1,
Twitter,Sitka,Alaska,KCAW,FM,104.7,@ravenradio,
Twitter,St. Paul,Alaska,KUSB,FM,91.9,None,
Twitter,Talkeetna,Alaska,KTNA,FM,88.5,@ktna,
Twitter,Unalaska,Alaska,KIAL,AM,1450,None,
Twitter,Valdez,Alaska,KCHU,AM,770,@kchuradio,
Twitter,Wrangell,Alaska,KSTK,FM,101.7,@kstkradio,
Twitter,Flagstaff,Arizona,KPUB,FM,91.7,@AZPubRadio,
Twitter,Flagstaff,Arizona,KNAU,FM,88.7,@AZPubRadio,
Twitter,Grand Canyon,Arizona,KNAG,FM,90.3,@AZPubRadio,
Twitter,Page,Arizona,KNAD,FM,91.7,None,
Twitter,Phoenix,Arizona,KBAQ,FM,89.5,@kbaq,
Twitter,Phoenix,Arizona,KJZZ,FM,91.5,@kjzzphoenix,
Twitter,Prescott,Arizona,KNAQ,FM,89.3,@AZPubRadio,
Twitter,Show Low,Arizona,KNAA,FM,90.7,@AZPubRadio,
Twitter,Tucson,Arizona,KUAZ,AM,1550,@azpm,
Twitter,Tucson,Arizona,KUAZ,FM,89.1,@azpm,
Twitter,White River,Arizona,KNNB,FM,88.1,None,
Twitter,Yuma,Arizona,KAWC,AM,1320,@kawc,
Twitter,Yuma,Arizona,KAWC,FM,88.9,@kawc,
Twitter,El Dorado,Arkansas,KBSA,FM,90.9,None,
Twitter,Fayetteville,Arkansas,KUAF,FM,91.3,@kuaf,
Twitter,Jonesboro,Arkansas,KASU,FM,91.9,@kasuradio,
Twitter,Little Rock,Arkansas,KLRE,FM,90.5,None,
Twitter,Little Rock,Arkansas,KUAR,FM,89.1,@kuarpublicradio,
Twitter,Arcata,California,KHSU,FM,90.5,@905khsu,
Twitter,Bakersfield,California,KPRX,FM,89.1,@kvpr,
Twitter,Burney,California,KNCA,FM,89.7,None,
Twitter,Chico,California,KCHO,FM,91.7,@nsprnews,
Twitter,Crescent City,California,KHSR,FM,91.9,None,
Twitter,Fresno,California,KVPR,FM,89.3,@kvpr,
Twitter,Groveland,California,KXSR,FM,91.7,None,
Twitter,Indio,California,KCRI,FM,89.3,@kcrw,
Twitter,Long Beach,California,KKJZ,FM,88.1,@kjazz881,
Twitter,Los Angeles,California,KUSC,FM,91.5,@classicalkusc,
Twitter,Mt. Shasta,California,KNSQ,FM,88.1,None,
Twitter,North Hollywood,California,KPFK,FM,90.7,@KPFK,
Twitter,Northridge,California,KCSN,FM,88.5,@885fmsocal,
Twitter,Oxnard,California,KCRU,FM,89.1,@kcrw,
Twitter,Pacific Grove,California,KAZU,FM,90.3,@903kazu,
Twitter,Palm Springs,California,KPSC,FM,88.5,@kspc,
Twitter,Pasadena,California,KPCC,FM,89.3,@kpcc,
Twitter,Philo,California,KZYX,FM,90.7,@kzyxmusic,
Twitter,Redding,California,KFPR,FM,88.9,@nsprnews,
Twitter,Sacramento,California,KXJZ,FM,88.9,@capradionews,
Twitter,Sacramento,California,KXPR,FM,90.9,@capradionews,
Twitter,San Ardo,California,KBDH,FM,91.7,None,
Twitter,San Bernardino,California,KVCR,FM,91.9,@kvcr_tvfm,
Twitter,San Diego,California,KPBS,FM,89.5,@kpbsnews,
Twitter,San Francisco,California,KALW,FM,91.7,@kalw,
Twitter,San Francisco,California,KQED,FM,88.5,@kqed,
Twitter,San Luis Obispo,California,KCBX,FM,90.1,@kcbxfm,
Twitter,San Mateo,California,KCSM,FM,91.1,@kcsmjazz91,
Twitter,Santa Barbara,California,KFAC,FM,88.7,@Classicalkusc,
Twitter,Santa Cruz,California,KUSP,FM,88.9,@kusp,
Twitter,Santa Monica,California,KCRW,FM,89.9,@kcrw,
Twitter,Santa Rosa,California,KRCB,FM,91.1,@krcbtv22,
Twitter,Stockton,California,KUOP,FM,91.3,@capradionews,
Twitter,Tahoe City,California,KKTO,FM,90.5,@capradionews,
Twitter,Thousand Oaks,California,KCLU,FM,88.3,@kclulive,
Twitter,Thousand Oaks,California,KCPB,FM,91.1,None,
Twitter,Willits,California,KZYZ,FM,91.5,@kzyzfm,
Twitter,Yreka,California,KNYR,FM,91.3,None,
Twitter,Alamosa,Colorado,KRZA,FM,88.7,@krzaradio,
Twitter,Aspen,Colorado,KAJX,FM,91.5,@aspenpubradio,
Twitter,Boulder,Colorado,KCFC,AM,1490,@copublicradio,
Twitter,Carbondale,Colorado,KDNK,FM,90.5,@kdnkradio,
Twitter,Colorado Springs,Colorado,KRCC,FM,91.5,@krcc,
Twitter,Cortez,Colorado,KSJD,FM,91.5,@ksjdradio,
Twitter,Crested Butte,Colorado,KBUT,FM,90.3,@kbutradio,
Twitter,Delta,Colorado,KPRU,FM,103.3,@cprclassical,
Twitter,Denver,Colorado,KCFR,AM,1340,@cprclassical,
Twitter,Denver,Colorado,KUVO,FM,89.3,@kuvojazz,
Twitter,Denver,Colorado,KVOD,FM,90.1,@cprclassical,
Twitter,Grand Junction,Colorado,KPRN,FM,89.5,None,
Twitter,Greeley,Colorado,KUNC,FM,91.5,@kunc,
Twitter,Ignacio,Colorado,KSUT,FM,91.3,@ksut,
Twitter,Montrose,Colorado,KPRH,FM,88.3,@copublicradio,
Twitter,Montrose,Colorado,KVMT,FM,89.1,@kvnfradio,
Twitter,Paonia,Colorado,KVNF,FM,90.9,@kvnfradio,
Twitter,Pueblo,Colorado,KCFP,FM,91.9,@copublicradio,
Twitter,Pueblo,Colorado,KKPC,AM,1230,@copublicradio,
Twitter,Telluride,Colorado,KOTO,FM,91.7,@koto_radio,
Twitter,Vail,Colorado,KPRE,FM,89.9,@copublicradio,
Twitter,Fairfield,Connecticut,WSHU,FM,91.1,@wshupublicradio,
Twitter,Meriden,Connecticut,WPKT,FM,90.5,@wnpr,
Twitter,Norwich,Connecticut,WNPR,FM,89.1,@wnpr,
Twitter,Stamford,Connecticut,WEDW,FM,88.5,@wnpr,
Twitter,Westport,Connecticut,WSHU,AM,1260,@wshupublicradio,
Twitter,Willimantic,Connecticut,WECS,FM,90.1,@wecsfm,
Twitter,Dover,Delaware,WRTX,FM,91.7,@wrtimusic,
Twitter,Washington,District of Columbia,WAMU,FM,88.5,@wamu885,
Twitter,Washington,District of Columbia,WETA,FM,90.9,@wetatvfm,
Twitter,Ft. Myers,Florida,WGCU,FM,90.1,@wgcu,
Twitter,Ft. Pierce,Florida,WQCS,FM,88.9,@wqcsnews,
Twitter,Gainesville,Florida,WUFT,FM,89.1,@wuftnews,
Twitter,Inverness,Florida,WJUF,FM,90.1,@wuftmedia,
Twitter,Jacksonville,Florida,WJCT,FM,89.9,@wjctjax,
Twitter,Marco,Florida,WMKO,FM,91.7,None,
Twitter,Melbourne,Florida,WFIT,FM,89.5,@wfit895fm,
Twitter,Miami,Florida,WLRN,FM,91.3,@wlrn,
Twitter,Orlando,Florida,WMFE,FM,90.7,@wmfeorlando,
Twitter,Orlando,Florida,WUCF,FM,89.9,@wucftv,
Twitter,Panama City,Florida,WFSW,FM,89.1,@wfsu,
Twitter,Panama City,Florida,WKGC,AM,1480,@WKGCNews,
Twitter,Panama City,Florida,WKGC,FM,90.7,@WKGCNews,
Twitter,Pensacola,Florida,WUWF,FM,88.1,@wuwf,
Twitter,Tallahassee,Florida,WFSQ,FM,91.5,@wfsumedia,
Twitter,Tallahassee,Florida,WFSU,FM,88.9,@wfsumedia,
Twitter,Tampa,Florida,WMNF,FM,88.5,@wmnf,
Twitter,Tampa,Florida,WUSF,FM,89.7,@wusf,
Twitter,West Palm Beach,Florida,WXEL,FM,90.7,@wxeltv,
Twitter,Albany,Georgia,WUNV,FM,91.7,@mygpb,
Twitter,Athens,Georgia,WUGA,FM,91.7,@wugafm,
Twitter,Atlanta,Georgia,WABE,FM,90.1,@wabenews,
Twitter,Atlanta,Georgia,WCLK,FM,91.9,@Jazz919WCLKatl,
Twitter,Atlanta,Georgia,WRFG,FM,89.3,@wrfgatlanta,
Twitter,Augusta,Georgia,WACG,FM,90.7,@gpbradioaugusta,
Twitter,Brunswick,Georgia,WWIO,FM,89.1,@mygpb,
Twitter,Carrolton,Georgia,WWGC,FM,90.7,None,
Twitter,Columbus,Georgia,WTJB,FM,91.7,@TROYUNews,
Twitter,Dahlonega,Georgia,WNGU,FM,89.5,@mygpb,
Twitter,Demorest,Georgia,WPPR,FM,88.3,@mygpb,
Twitter,Ft. Gaines,Georgia,WJWV,FM,90.9,@mygpb,
Twitter,Macon,Georgia,WDCO,FM,89.7,@mygpb,
Twitter,Savannah,Georgia,WSVH,FM,91.1,@gpbsavannah,
Twitter,Tifton,Georgia,WABR,FM,91.1,@gpbsavannah,
Twitter,Valdosta,Georgia,WWET,FM,91.7,@mygpb,
Twitter,Warm Springs,Georgia,WJSP,FM,88.1,@gpbnewmedia,
Twitter,Waycross,Georgia,WXVS,FM,90.1,@mygpb,
Twitter,Agana,Guam,KPRG,FM,89.3,@kprgfm,
Twitter,Honolulu,Hawaii,KHPR,FM,88.1,@wearehpr,
Twitter,Honolulu,Hawaii,KIPO,FM,89.3,@wearehpr,
Twitter,Wailuku,Hawaii,KKUA,FM,90.7,None,
Twitter,Boise,Idaho,KBSU,AM,730,@kbsu903,
Twitter,Boise,Idaho,KBSU,FM,90.3,@kbsu903,
Twitter,Boise,Idaho,KBSX,FM,91.5,@kbsx915,
Twitter,Bonners Ferry,Idaho,KIBX,FM,92.1,@sprlocalnews,
Twitter,Cottonwood,Idaho,KNWO,FM,90.1,None,
Twitter,McCall,Idaho,KBSM,FM,91.7,@KBSX915,
Twitter,Moscow,Idaho,KRFA,FM,91.7,@nwpbclassical,
Twitter,Pocatello,Idaho,KISU,FM,91.1,None,
Twitter,Rexburg,Idaho,KBYI,FM,100.5,@byuidahoradio,
Twitter,Twin Falls,Idaho,KEJZ,AM,1450,None,
Twitter,Twin Falls,Idaho,KBSW,FM,91.7,@BSX915,
Twitter,Carbondale,Illinois,WSIU,FM,91.9,@wsiutv,
Twitter,Champaign,Illinois,WEFT,FM,90.1,@WFETradio,
Twitter,Chicago,Illinois,WBEZ,FM,91.5,@wbez,
Twitter,DeKalb,Illinois,WNIU,FM,90.5,@classicalwniu,
Twitter,Edwardsville,Illinois,WSIE,FM,88.7,@wsie887thesound,
Twitter,Freeport,Illinois,WNIE,FM,89.1,None,
Twitter,LaSalle,Illinois,WNIW,FM,91.5,@tristatespr,
Twitter,Macomb,Illinois,WIUM,FM,91.3,@tristatespr,
Twitter,Mt.Vernon,Illinois,WVSI,FM,88.9,@wsiuradio,
Twitter,Normal,Illinois,WGLT,FM,89.1,@wgltnews,
Twitter,Olney,Illinois,WUSI,FM,90.3,@wsiuradio,
Twitter,Peoria,Illinois,WCBU,FM,89.9,@WCBURadio,
Twitter,Pittsfield,Illinois,WIPA,FM,89.3,@wqub,
Twitter,Quincy,Illinois,WQUB,FM,90.3,None,
Twitter,Rock Island,Illinois,WVIK,FM,90.3,@wvikfm,
Twitter,Rockford,Illinois,WNIJ,FM,89.5,@wnijnews,
Twitter,Springfield,Illinois,WUIS,FM,91.9,@nprillinois,
Twitter,Sterling,Illinois,WNIQ,FM,91.5,@wnijnews,
Twitter,Urbana,Illinois,WILL,AM,580,@willpublicmedia,
Twitter,Urbana,Illinois,WILL,FM,90.9,@willpublicmedia,
Twitter,Warsaw,Illinois,WIUW,FM,89.5,None,
Twitter,Anderson,Indiana,WBSB,FM,89.5,@INPublicRadio,
Twitter,Bloomington,Indiana,WFIU,FM,103.7,@wfiu,
Twitter,Elkhart,Indiana,WVPE,FM,88.1,@wvpe,
Twitter,Evansville,Indiana,WNIN,FM,88.3,@WNIN,
Twitter,Fort Wayne,Indiana,WBNI,FM,89.1,@WBNI941,
Twitter,Goshen,Indiana,WGCS,FM,91.1,@911TheGlobe,
Twitter,Hagerstown,Indiana,WBSH,FM,91.1,@INPublicRadio,
Twitter,Indianapolis,Indiana,WFYI,FM,90.1,@wfyi,
Twitter,Lafayette,Indiana,WBAA,AM,920,@wbaanews,@wbaaradio
Twitter,Marion,Indiana,WBSW,FM,90.9,@INPublicRadio,
Twitter,Muncie,Indiana,WBST,FM,92.1,@INPublicRadio,
Twitter,North Manchester,Indiana,WBKE,FM,89.5,None,
Twitter,Orland,Indiana,WBOI,FM,91.3,@wboi,
Twitter,Portland,Indiana,WBSJ,FM,91.7,@INpublicradio,
Twitter,Richmond,Indiana,WVXR,FM,89.3,None,
Twitter,West Lafayette,Indiana,WBAA,FM,101.3,@wbaaradio,@wbaanews
Twitter,Ames,Iowa,WOI,AM,640,@iowapublicradio,
Twitter,Ames,Iowa,WOI,FM,90.1,@iowapublicradio,
Twitter,Cedar Falls,Iowa,KUNI,FM,90.9,@iowapublicradio,
Twitter,Cedar Rapids,Iowa,KCCK,FM,88.3,@jazz883kcck,
Twitter,Decorah,Iowa,KLNI,FM,88.7,None,
Twitter,Fort Dodge,Iowa,KTPR,FM,91.1,None,
Twitter,Iowa City,Iowa,WSUI,AM,910,@iowapublicradio,
Twitter,Iowa City,Iowa,KSUI,FM,91.7,@iowapublicradio,
Twitter,Mason City,Iowa,KRNI,AM,1010,@iowapublicradio,
Twitter,Mason City,Iowa,KUNY,FM,91.5,None,
Twitter,Sioux City,Iowa,KWIT,FM,90.3,@kwitkoji,
Twitter,Emporia,Kansas,KANH,FM,89.7,@kprnews,
Twitter,Garden City,Kansas,KANZ,FM,91.1,@hppr,
Twitter,Great Bend,Kansas,KHCT,FM,90.9,None,
Twitter,Hill City,Kansas,KZNA,FM,90.5,@hppr,
Twitter,Hutchinson,Kansas,KHCC,FM,90.1,@radiokansas,
Twitter,Lawrence,Kansas,KANU,FM,91.5,@kprnews,
Twitter,Pittsburg,Kansas,KRPS,FM,89.9,@krps899,
Twitter,Salina,Kansas,KHCD,FM,89.5,@radiokansas,
Twitter,Wichita,Kansas,KMUW,FM,89.1,@kmuw,
Twitter,Booneville,Kentucky,WOCS,FM,88.3,None,
Twitter,Bowling Green,Kentucky,WKYU,FM,88.9,@wkupublicradio,
Twitter,Elizabethtown,Kentucky,WKUE,FM,90.9,@wkupublicradio,
Twitter,Georgetown,Kentucky,WRVG,FM,89.9,@wrvg,
Twitter,Hazard,Kentucky,WEKH,FM,90.9,None,
Twitter,Henderson,Kentucky,WKPB,FM,89.5,@wkupublicradio,
Twitter,Highland Heights,Kentucky,WNKU,FM,89.7,@wnku,
Twitter,Lexington,Kentucky,WUKY,FM,91.3,@wuky,
Twitter,Louisville,Kentucky,WFPK,FM,91.9,@wfpk,
Twitter,Louisville,Kentucky,WFPL,FM,89.3,@wfplnews,
Twitter,Morehead,Kentucky,WMKY,FM,90.3,@mspr903fm,
Twitter,Murray,Kentucky,WKMS,FM,91.3,@wkms,
Twitter,Richmond,Kentucky,WEKU,FM,88.9,@889weku,
Twitter,Somerset,Kentucky,WDCL,FM,89.7,@wkupublicradio,
Twitter,Alexandria,Louisana,KLSA,FM,90.7,@rrrpublicradio,
Twitter,Baton Rouge,Louisana,WBRH,FM,90.3,@talk1073,
Twitter,Baton Rouge,Louisana,WRKF,FM,89.3,@wrkf,
Twitter,Lafayette,Louisana,KRVS,FM,88.7,@krvsmedia,
Twitter,Monroe,Louisana,KEDM,FM,90.3,@kedmpublicradio,
Twitter,New Orleans,Louisana,WWNO,FM,89.9,@wwno,
Twitter,Shreveport,Louisana,KDAQ,FM,89.9,@rrrpublicradio,
Twitter,Thibodaux,Louisana,KTLN,FM,90.5,@wwno,
Twitter,Bangor,Maine,WMEH,FM,90.9,@MainePublic,
Twitter,Calais,Maine,WMED,FM,89.7,@MainePublic,
Twitter,Fort Kent,Maine,WMEF,FM,106.5,None,
Twitter,Lewiston,Maine,WMEA,FM,90.1,@MPBNnews,
Twitter,Presque Isle,Maine,WMEM,FM,106.1,@mainepublic,
Twitter,Waterville,Maine,WMEW,FM,91.3,@mainepublic,
Twitter,Baltimore,Maryland,WEAA,FM,88.9,None,
Twitter,Baltimore,Maryland,WYPR,FM,88.1,@wypr881FM,
Twitter,Frostburg,Maryland,WFWM,FM,91.9,@xfsrfrostburg,
Twitter,Hagerstown,Maryland,WETH,FM,89.1,None,
Twitter,Ocean City,Maryland,WSDL,FM,90.7,@wscl_wsdl,
Twitter,Princess Anne,Maryland,WESM,FM,91.3,None,
Twitter,Salisbury,Maryland,WSCL,FM,89.5,@wscl_wsdl,
Twitter,Worton,Maryland,WKHS,FM,90.5,@wkhsradio,
Twitter,Amherst,Massachusetts,WFCR,FM,88.5,@wfcr885,
Twitter,Amherst,Massachusetts,WPNI,AM,1430,None,
Twitter,Boston,Massachusetts,WBUR,FM,90.9,@WBUR,
Twitter,Boston,Massachusetts,WGBH,FM,89.7,@wgbh,
Twitter,Boston,Massachusetts,WUMB,FM,91.9,@wumbradio,
Twitter,Falmouth,Massachusetts,WFPB,FM,91.9,@wumbradio,
Twitter,Great Barrington,Massachusetts,WAMQ,FM,105.1,@wamcradio,
Twitter,Harwich,Massachusetts,WCCT,FM,90.3,None,
Twitter,Nantucket,Massachusetts,WNAN,FM,91.1,None,
Twitter,Newburyport,Massachusetts,WNAF,FM,91.7,@wumbradio,
Twitter,Orleans,Massachusetts,WFPB,AM,1170,@wumbradio,
Twitter,Sandwich,Massachusetts,WSDH,FM,91.5,@WSDHradio,
Twitter,W.Yarmouth,Massachusetts,WBUR,AM,1240,@wbur,
Twitter,Woods Hole,Massachusetts,WCAI,FM,90.1,@wcai_npr,
Twitter,Worcester,Massachusetts,WBPR,FM,91.9,@wumbradio,
Twitter,Worcester,Massachusetts,WICN,FM,90.5,@WICN905,
Twitter,Allendale,Michigan,WGVU,FM,88.5,@WGVUPublicMedia,
Twitter,Alpena,Michigan,WCML,FM,91.7,@wcmunews,
Twitter,Ann Arbor,Michigan,WUOM,FM,91.7,@MichiganRadio,
Twitter,Bay City,Michigan,WUCX,FM,90.1,@wucx,
Twitter,Detroit,Michigan,WDET,FM,101.9,@wdet,
Twitter,East Jordan,Michigan,WIZY,FM,100.9,None,
Twitter,East Lansing,Michigan,WKAR,AM,870,@wkar,
Twitter,East Lansing,Michigan,WKAR,FM,90.5,@wkar,
Twitter,Flint,Michigan,WFUM,FM,91.1,@michiganradio,
Twitter,Grand Rapids,Michigan,WBLU,FM,88.9,None,
Twitter,Grand Rapids,Michigan,WVGR,FM,104.1,@michiganradio,
Twitter,Harbor Springs,Michigan,WCMW,FM,103.9,@wcmunews,
Twitter,Houghton,Michigan,WGGL,FM,91.9,None,
Twitter,Interlochen,Michigan,WIAA,FM,88.7,@IPRNewsRadio,
Twitter,Kalamazoo,Michigan,WMUK,FM,102.1,@wmuk1021,
Twitter,Kentwood,Michigan,WGVU,AM,1480,@WGVUPublicMedia,
Twitter,Lansing,Michigan,WLNZ,FM,89.7,@LCCRadio,
Twitter,Manistee,Michigan,WVXM,FM,97.7,None,
Twitter,Marquette,Michigan,WNMU,FM,90.1,@WNMU,
Twitter,Mt. Pleasant,Michigan,WCMU,FM,89.5,@WCMUNews,@WCMUTV
Twitter,Muskegon,Michigan,WGVS,AM,850,None,
Twitter,Oscoda,Michigan,WCMB,FM,95.7,None,
Twitter,Rogers City,Michigan,WVXA,FM,96.7,None,
Twitter,Sault Ste. Marie,Michigan,WCMZ,FM,98.3,@wcmunews,@wcmutv
Twitter,Standish,Michigan,WWCM,FM,96.9,None,
Twitter,Traverse City,Michigan,WICA,FM,91.5,@iprnewsradio,
Twitter,Twin Lake,Michigan,WBLV,FM,90.3,None,
Twitter,Whitehall,Michigan,WGVS,FM,95.3,None,
Twitter,Ypsilanti,Michigan,WEMU,FM,89.1,@wemu891,
Twitter,Appleton,Minnesota,KNCM,FM,88.5,@mprnews,
Twitter,Bemidji,Minnesota,KNBJ,FM,91.3,@mprnews,
Twitter,Brainerd,Minnesota,KBPR,FM,90.7,None,
Twitter,Buhl,Minnesota,WIRN,FM,92.5,@mprnews,
Twitter,Collegeville,Minnesota,KNSR,FM,88.9,@mprnews,
Twitter,Duluth,Minnesota,WSCN,FM,100.5,@mprnews,
Twitter,Grand Rapids,Minnesota,KAXE,FM,91.7,@KAXE,
Twitter,La Crescent,Minnesota,KXLC,FM,91.1,@mprnews,
Twitter,Moorhead,Minnesota,KCCD,FM,90.3,@mprnews,
Twitter,Northfield,Minnesota,WCAL,FM,89.3,@mprnews,
Twitter,Rochester,Minnesota,KMSE,FM,88.7,@mprnews,
Twitter,Rochester,Minnesota,KZSE,FM,90.7,@mprnews,
Twitter,St. Paul,Minnesota,KNOW,FM,91.1,@mprnews,
Twitter,St. Peters,Minnesota,KNGA,FM,91.5,@mprnews,
Twitter,Thief River Falls,Minnesota,KNTN,FM,102.7,@TRFRADIO,
Twitter,Worthington,Minnesota,KNSW,FM,91.7,@mprnews,
Twitter,Biloxi,Mississippi,WMAH,FM,90.3,@mpbonline,
Twitter,Booneville,Mississippi,WMAE,FM,89.5,,
Twitter,Bude,Mississippi,WMAU,FM,88.9,,
Twitter,Greenwood,Mississippi,WMAO,FM,90.9,,
Twitter,Holly Springs,Mississippi,WURC,FM,88.1,,
Twitter,Jackson,Mississippi,WJSU,FM,88.5,,
Twitter,Jackson,Mississippi,WMPN,FM,91.3,@MPBNews,@MPBOnline
Twitter,Lorman,Mississippi,WPRL,FM,91.7,@mpbonline,
Twitter,Meridian,Mississippi,WMAW,FM,88.1,@mpbonline,
Twitter,Mississippi State,Mississippi,WMAB,FM,89.9,,
Twitter,Oxford,Mississippi,WMAV,FM,90.3,@mpbonline,
Twitter,Senatobia,Mississippi,WKNA,FM,88.9,,
Twitter,Branson,Missouri,KSMS,FM,90.5,,
Twitter,Cape Girardeau,Missouri,KRCU,FM,90.9,@krcufm,
Twitter,Chillicothe,Missouri,KRNW,FM,88.9,,
Twitter,Columbia,Missouri,KBIA,FM,91.3,@kbia,
Twitter,Columbia,Missouri,KOPN,FM,89.5,@kopnfm,
Twitter,Kansas City,Missouri,KCUR,FM,89.3,@kcur,
Twitter,Maryville,Missouri,KXCV,FM,90.5,@kxcvkrnw,
Twitter,Rolla,Missouri,KUMR,FM,88.5,,
Twitter,Springfield,Missouri,KSMU,FM,91.1,,
Twitter,St. Louis,Missouri,KWMU,FM,90.7,,
Twitter,Warrensburg,Missouri,KTBG,FM,90.9,,
Twitter,Billings,Montana,KEMC,FM,91.7,,
Twitter,Bozeman,Montana,KBMC,FM,102.1,,
Twitter,Butte,Montana,KAPC,FM,91.3,,
Twitter,Fort Belknap,Montana,KGVA,FM,88.1,,
Twitter,Great Falls,Montana,KGPR,FM,89.9,,
Twitter,Hamilton,Montana,KUFN,FM,91.9,,
Twitter,Havre,Montana,KNMC,FM,90.1,(@KNMCradio),
Twitter,Helena,Montana,KUHM,FM,91.7,,
Twitter,Kalispell,Montana,KUKL,FM,89.9,,
Twitter,Miles City,Montana,KECC,FM,90.7,,
Twitter,Missoula,Montana,KUFM,FM,89.1,,
Twitter,Alliance,Nebraska,KTNE,FM,91.1,,
Twitter,Bassett,Nebraska,KMNE,FM,90.3,,
Twitter,Chadron,Nebraska,KCNE,FM,91.9,,
Twitter,Hastings,Nebraska,KHNE,FM,89.1,,
Twitter,Lexington,Nebraska,KLNE,FM,88.7,,
Twitter,Lincoln,Nebraska,KUCV,FM,91.1,,
Twitter,Merriman,Nebraska,KRNE,FM,91.5,,
Twitter,Norfolk,Nebraska,KXNE,FM,89.3,,
Twitter,North Platte,Nebraska,KPNE,FM,91.7,,
Twitter,Omaha,Nebraska,KIOS,FM,91.5,,
Twitter,Elko,Nevada,KNCC,FM,91.5,,
Twitter,Las Vegas,Nevada,KNPR,FM,89.5,,
Twitter,Las Vegas,Nevada,KUNV,FM,91.5,,
Twitter,Las Vegas,Nevada,KWPR,FM,88.7,,
Twitter,Panaca,Nevada,KLNR,FM,91.7,,
Twitter,Reno,Nevada,KUNR,FM,88.7,,
Twitter,Tonopah,Nevada,KTPH,FM,91.7,,
Twitter,Concord,New Hampshire,WEVO,FM,89.1,,
Twitter,Gorham,New Hampshire,WEVC,FM,107.1,,
Twitter,Hanover,New Hampshire,WEVH,FM,91.3,,
Twitter,Keene,New Hampshire,WEVN,FM,90.7,,
Twitter,Atlantic City,New Jersey,WNJN,FM,89.7,,
Twitter,Berlin,New Jersey,WNJS,FM,88.1,,
Twitter,Bridgeton,New Jersey,WNJB,FM,89.3,,
Twitter,Cape May,New Jersey,WNJZ,FM,90.3,,
Twitter,Hackettstown,New Jersey,WNTI,FM,91.9,,
Twitter,Lincroft,New Jersey,WBJB,FM,90.5,,
Twitter,Manahawkin,New Jersey,WNJM,FM,89.9,,
Twitter,Newark,New Jersey,WBGO,FM,88.3,,
Twitter,Atlantic City,New Jersey,WRTQ,FM,91.3,,
Twitter,Sussex,New Jersey,WNJP,FM,88.5,,
Twitter,Trenton,New Jersey,WNJT,FM,88.1,,
Twitter,Albuquerque,New Mexico,KANW,FM,89.1,,
Twitter,Albuquerque,New Mexico,KUNM,FM,89.9,,
Twitter,Gallup,New Mexico,KGLP,FM,91.7,,
Twitter,Las Cruces,New Mexico,KRWG,FM,90.7,,
Twitter,Magdalena,New Mexico,KABR,AM,1500,,
Twitter,Maljamar,New Mexico,KMTH,FM,98.7,,
Twitter,Portales,New Mexico,KENW,FM,89.5,,
Twitter,Ramah,New Mexico,KTDB,FM,89.7,,
Twitter,Albany,New York,WAMC,FM,90.3,,
Twitter,Binghamton,New York,WSKG,FM,89.3,,
Twitter,Binghamton,New York,WSQX,FM,91.5,,
Twitter,Blue Mountain Lake,New York,WXLH,FM,91.3,,
Twitter,Brooklyn,New York,WNYE,FM,91.5,,
Twitter,Brookville,New York,WCWP,FM,88.1,,
Twitter,Buffalo,New York,WBFO,FM,88.7,,
Twitter,Buffalo,New York,WNED,AM,970,,
Twitter,Buffalo,New York,WNED,FM,89.3,,
Twitter,Canajoharie,New York,WCAN,FM,93.3,,
Twitter,Canton,New York,WSLU,FM,89.5,,
Twitter,Corning,New York,WSQE,FM,91.1,,
Twitter,Geneva,New York,WEOS,FM,89.7,,
Twitter,Hornell,New York,WSQA,FM,88.7,,
Twitter,Houghton,New York,WJSL,FM,90.3,,
Twitter,Ithaca,New York,WSQG,FM,90.9,,
Twitter,Jamestown,New York,WUBJ,FM,88.1,,
Twitter,Jeffersonville,New York,WJFF,FM,90.5,,
Twitter,Kingston,New York,WAMK,FM,90.9,,
Twitter,Malone,New York,WSLO,FM,90.9,,
Twitter,Middletown,New York,WOSR,FM,91.7,,
Twitter,New York City,New York,WFUV,FM,90.7,,
Twitter,New York City,New York,WNYC,AM,820,,
Twitter,New York City,New York,WNYC,FM,93.9,,
Twitter,North Creek,New York,WXLG,FM,89.9,,
Twitter,Olean,New York,WOLN,FM,91.3,,
Twitter,Oneonta,New York,WSQC,FM,91.7,,
Twitter,Oswego,New York,WRVO,FM,89.9,,
Twitter,Oswego,New York,WRVD,FM,90.3,,
Twitter,Peru,New York,WXLU,FM,88.3,,
Twitter,Plattsburgh,New York,WCEL,FM,91.9,,
Twitter,Poughkeepsie,New York,WRHV,FM,88.7,,
Twitter,Rochester,New York,WXXI,AM,1370,,
Twitter,Rochester,New York,WXXI,FM,91.5,,
Twitter,Saranac Lake,New York,WSLL,FM,90.5,,
Twitter,Schenectady,New York,WMHT,FM,89.1,,
Twitter,Selden,New York,WSUF,FM,89.9,,
Twitter,Southampton,New York,WLIU,FM,88.3,,
Twitter,Southampton,New York,WRLI,FM,91.3,,
Twitter,Syracuse,New York,WAER,FM,88.3,,
Twitter,Syracuse,New York,WCNY,FM,91.3,,
Twitter,Ticonderoga,New York,WANC,FM,103.9,,
Twitter,Utica,New York,WRVN,FM,91.9,,
Twitter,Utica,New York,WUNY,FM,89.5,,
Twitter,Watertown,New York,WJNY,FM,90.9,,
Twitter,Watertown,New York,WRVJ,FM,91.7,,
Twitter,Watertown,New York,WSLJ,FM,88.9,,
Twitter,Asheville,North Carolina,WCQS,FM,88.1,,
Twitter,Atlantic Beach,North Carolina,WBJD,FM,91.5,,
Twitter,Buxton,North Carolina,WBUX,FM,90.5,,
Twitter,Chapel Hill,North Carolina,WUNC,FM,91.5,,
Twitter,Charlotte,North Carolina,WFAE,FM,90.7,,
Twitter,Davidson,North Carolina,WDAV,FM,89.9,,
Twitter,Durham,North Carolina,WNCU,FM,90.7,,
Twitter,Fayetteville,North Carolina,WFSS,FM,91.9,,
Twitter,Franklin,North Carolina,WFQS,FM,91.3,,
Twitter,Hickory,North Carolina,WFHE,FM,90.3,,
Twitter,Kingston,North Carolina,WKNS,FM,90.5,,
Twitter,Manteo,North Carolina,WURI,FM,91.5,,
Twitter,New Bern,North Carolina,WTEB,FM,89.3,,
Twitter,Roanoke Rapids,North Carolina,WZRU,FM,88.5,,
Twitter,Rocky Mount,North Carolina,WRQM,FM,90,,
Twitter,Spindale,North Carolina,WNCW,FM,88.7,,
Twitter,Wilmington,North Carolina,WHQR,FM,91.3,,
Twitter,Winston-Salem,North Carolina,WFDD,FM,88.5,,
Twitter,Belcourt,North Dakota,KEYA,FM,88.5,,
Twitter,Bismarck,North Dakota,KCND,FM,90.5,,
Twitter,Dickinson,North Dakota,KDPR,FM,89.9,,
Twitter,Fargo,North Dakota,KDSU,FM,91.9,,
Twitter,Grand Forks,North Dakota,KUND,FM,89.3,,
Twitter,Jamestown,North Dakota,KPRJ,FM,91.5,,
Twitter,Minot,North Dakota,KMPR,FM,88.9,,
Twitter,Williston,North Dakota,KPPR,FM,89.5,,
Twitter,Athens,Ohio,WOUB,AM,1340,,
Twitter,Athens,Ohio,WOUB,FM,91.3,,
Twitter,Bryan,Ohio,WGBE,FM,90.9,,
Twitter,Cambridge,Ohio,WOUC,FM,89.1,(@wouc),
Twitter,Chillicothe,Ohio,WOUH,FM,91.9,,
Twitter,Chillicothe,Ohio,WVXC,FM,89.3,,
Twitter,Cincinnati,Ohio,WGUC,FM,90.9,(@909WGUC),
Twitter,Cincinnati,Ohio,WVXU,FM,91.7,(@917wvxu),
Twitter,Cleveland,Ohio,WCPN,FM,90.3,(@WCPN),
Twitter,Columbus,Ohio,WCBE,FM,90.5,(@WCBE905Columbus),
Twitter,Columbus,Ohio,WOSU,AM,820,(@WOSU),
Twitter,Coshocton,Ohio,WOSE,FM,91.1,,
Twitter,Dayton,Ohio,WDPR,FM,88.1,,
Twitter,Defiance,Ohio,WGDE,FM,91.9,,
Twitter,Ironton,Ohio,WOUL,FM,89.1,,
Twitter,Kent,Ohio,WKSU,FM,89.7,(@WKSU),
Twitter,Lima,Ohio,WGLE,FM,90.7,,
Twitter,Mansfield,Ohio,WOSV,FM,91.7,,
Twitter,Marion,Ohio,WOSB,FM,91.1,,
Twitter,Mt. Gilead,Ohio,WVXG,FM,95.1,,
Twitter,New Philadelphia,Ohio,WKRJ,FM,91.5,,
Twitter,Oxford,Ohio,WMUB,FM,88.5,,
Twitter,Portsmouth,Ohio,WOSP,FM,91.5,,
Twitter,Thompson,Ohio,WSKV,FM,89.1,,
Twitter,Toledo,Ohio,WGTE,FM,91.3,,
Twitter,West Union,Ohio,WVXW,FM,89.5,,
Twitter,Wooster,Ohio,WKRW,FM,89.3,,
Twitter,Yellow Springs,Ohio,WYSO,FM,91.3,(@WYSO),
Twitter,Youngstown,Ohio,WYSU,FM,88.5,(@WYSU),
Twitter,Zanesville,Ohio,WOUZ,FM,90.1,,
Twitter,Ardmore,Oklahoma,KLCU,FM,90.3,,
Twitter,Lawton,Oklahoma,KCCU,FM,89.3,(@KCCURadio),
Twitter,Norman,Oklahoma,KGOU,FM,106.3,(@kgounews),
Twitter,Oklahoma City,Oklahoma,KROU,FM,105.7,,
Twitter,Stillwater,Oklahoma,KOSU,FM,91.7,(@KOSURadio),
Twitter,Tulsa,Oklahoma,KWGS,FM,89.5,(@KWGSNEWS),
Twitter,Ashland,Oregon,KAGI,AM,930,,
Twitter,Ashland,Oregon,KSJK,AM,1230,,
Twitter,Ashland,Oregon,KSMF,FM,89.1,,
Twitter,Ashland,Oregon,KSRG,FM,88.3,,
Twitter,Ashland,Oregon,KSOR,FM,90.1,,
Twitter,Astoria,Oregon,KMUN,FM,91.9,,
Twitter,Bend,Oregon,KOAB,FM,91.3,,
Twitter,Coos Bay,Oregon,KSBA,FM,88.5,,
Twitter,Corvallis,Oregon,KOAC,AM,550,,
Twitter,Eugene,Oregon,KLCC,FM,89.7,(@KLCCEugeneOR),
Twitter,Eugene,Oregon,KRVM,AM,1280,,
Twitter,Florence,Oregon,KLFO,FM,88.1,,
Twitter,Gresham,Oregon,KMHD,FM,89.1,(@KMHD_JAZZ_Radio),
Twitter,Klamath Falls,Oregon,KSKF,FM,90.9,,
Twitter,Newport,Oregon,KLCO,FM,90.5,,
Twitter,Pendleton,Oregon,KRBM,FM,90.9,,
Twitter,Portland,Oregon,KOPB,FM,91.5,,
Twitter,Reedsport,Oregon,KLFR,FM,89.1,,
Twitter,Roseburg,Oregon,KSRS,FM,91.5,,
Twitter,Allentown,Pennsylvania,WDIY,FM,88.1,(@WDIYFM),
Twitter,Erie,Pennsylvania,WQLN,FM,91.3,(@WQLN),
Twitter,Harrisburg,Pennsylvania,WITF,FM,89.5,(@WITF),
Twitter,Harrisburg,Pennsylvania,WJAZ,FM,91.7,,
Twitter,Harrisburg,Pennsylvania,WXPH,FM,88.1,,
Twitter,Huntingdon,Pennsylvania,WKVR,FM,92.3,,
Twitter,Johnstown,Pennsylvania,WQEJ,FM,89.7,(@wqed),
Twitter,Kane,Pennsylvania,WPSB,FM,90.1,,
Twitter,Mt. Pocono,Pennsylvania,WRTY,FM,91.1,,
Twitter,Philadelphia,Pennsylvania,WHYY,FM,90.9,(@whyy),
Twitter,Philadelphia,Pennsylvania,WRTI,FM,90.1,(@WRTImusic),
Twitter,Philadelphia,Pennsylvania,WXPN,FM,88.5,(@wxpnfm),
Twitter,Pittsburgh,Pennsylvania,WDUQ,FM,90.5,(@905wesa),
Twitter,Pittsburgh,Pennsylvania,WQED,FM,89.3,(@WQEDFM),
Twitter,Pittsburgh,Pennsylvania,WYEP,FM,91.3,(@WYEP),
Twitter,Scranton,Pennsylvania,WVIA,FM,89.9,(@WVIATVFM),
Twitter,State College,Pennsylvania,WPSU,FM,91.5,(@WPSU),
Twitter,Rio Piedras,Puerto Rico,WRTU,FM,89.7,(@radioupr),
Twitter,San Juan,Puerto Rico,WOSO,AM,1030,(@WOSO1030AM),
Twitter,North Providence,Rhode Island,WRNI,AM,1290,,
Twitter,Westerly,Rhode Island,WXNI,AM,1230,,
Twitter,Aiken,South Carolina,WLJK,FM,89.1,(@SCPublicRadio),
Twitter,Beaufort,South Carolina,WJWJ,FM,89.9,(@SCPublicRadio),
Twitter,Charleston,South Carolina,WSCI,FM,89.3,(@SCPublicRadio),
Twitter,Columbia,South Carolina,WLTR,FM,91.3,(@SCPublicRadio),
Twitter,Conway,South Carolina,WHMC,FM,90.1,(@SCPublicRadio),
Twitter,Greenville,South Carolina,WEPR,FM,90.1,(@SCPublicRadio),
Twitter,Orangeburg,South Carolina,WSSB,FM,90.3,(@SCPublicRadio),
Twitter,Rock Hill,South Carolina,WNSC,FM,88.9,(@SCPublicRadio),
Twitter,Sumter,South Carolina,WRJA,FM,88.1,,
Twitter,Brookings,South Dakota,KESD,FM,88.3,,
Twitter,Faith,South Dakota,KPSD,FM,97.1,,
Twitter,Lowry,South Dakota,KQSD,FM,91.9,,
Twitter,Martin,South Dakota,KZSD,FM,102.5,,
Twitter,Pierpont,South Dakota,KDSD,FM,90.9,,
Twitter,Rapid City,South Dakota,KBHE,FM,89.3,,
Twitter,Reliance,South Dakota,KTSD,FM,91.1,,
Twitter,Sioux Falls,South Dakota,KCSD,FM,90.9,,
Twitter,Vermillion,South Dakota,KUSD,FM,89.7,,
Twitter,Chattanooga,Tennessee,WUTC,FM,88.1,(@WUTC_FM),
Twitter,Cookeville,Tennessee,WHRS,FM,91.7,,
Twitter,Dyersberg,Tennessee,WKNQ,FM,90.7,,
Twitter,Jackson,Tennessee,WKNP,FM,90.1,,
Twitter,Johnson City,Tennessee,WETS,FM,89.5,(@WETSFM),
Twitter,Knoxville,Tennessee,WUOT,FM,91.9,(@WUOTFM),
Twitter,Madison,Tennessee,WPLN,AM,1430,(@WPLN),
Twitter,Memphis,Tennessee,WKNO,FM,91.1,(@WKNOFM),
Twitter,Murfreesboro,Tennessee,WMOT,FM,89.5,(@WMOT),
Twitter,Nashville,Tennessee,WPLN,FM,90.3,(@WPLN),
Twitter,Tullahoma,Tennessee,WTML,FM,91.5,None,
Twitter,Abilene,Texas,KACU,FM,89.7,(@KACU895),
Twitter,Austin,Texas,KUT,FM,90.5,(@KUT),
Twitter,Beaumont,Texas,KVLU,FM,91.3,(@913KVLU),
Twitter,College Station,Texas,KAMU,FM,90.9,(@KAMUTVFM),
Twitter,College Station,Texas,KEOS,FM,89.1,(@KEOSRADIO),
Twitter,Corpus Christi,Texas,KEDT,FM,90.3,(@YourKEDT),
Twitter,Dallas,Texas,KERA,FM,90.1,(@keratx),
Twitter,Denton,Texas,KNTU,FM,88.1,(@KNTU881),
Twitter,El Paso,Texas,KTEP,FM,88.5,(@ktep885fm),
Twitter,Harlingen,Texas,KMBH,FM,88.9,(@PublicRadio88FM),
Twitter,Houston,Texas,KUHF,FM,88.7,(@HoustonPubMedia),@HoustonPubMedia
Twitter,Ingram,Texas,KTXI,FM,90.1,,
Twitter,Lubbock,Texas,KOHM,FM,89.1,None,
Twitter,Lufkin,Texas,KLDN,FM,88.9,(@881TheOne),
Twitter,McAllen,Texas,KHID,FM,88.1,None,
Twitter,Odessa,Texas,KOCV,FM,91.3,(@KPVU913FM),
Twitter,Prairie View,Texas,KPVU,FM,91.3,(@KUTX),
Twitter,San Angelo,Texas,KUTX,FM,90.1,None,
Twitter,San Antonio,Texas,KSTX,FM,89.1,None,
Twitter,Texarkana,Texas,KTXK,FM,91.5,None,
Twitter,Victoria,Texas,KVRT,FM,90.7,(@KWBU),
Twitter,Waco,Texas,KWBU,FM,103.3,None,
Twitter,Coalville,Utah,KCUA,FM,92.5,None,
Twitter,Logan,Utah,KUSU,FM,91.5,(@KCPW),
Twitter,Salt Lake City,Utah,KCPW,FM,88.3,(@KCPWRadio),
Twitter,Salt Lake City,Utah,KPCW,FM,91.9,(@KUER_FM),
Twitter,Salt Lake City,Utah,KUER,FM,90.1,(@KRCLradio),
Twitter,Salt Lake City,Utah,KRCL,FM,90.9,None,
Twitter,St. Thomas,US Virgin Islands,WVGN,FM,107.3,(@WKUF943),
Twitter,Bennington,Vermont,WBTN,FM,94.3,(@WRUVFM),
Twitter,Burlington,Vermont,WVPS,FM,107.9,None,
Twitter,Rutland,Vermont,WRVT,FM,88.7,None,
Twitter,St. Johnsbury,Vermont,WVPA,FM,88.5,None,
Twitter,Windsor,Vermont,WVPR,FM,89.5,None,
Twitter,Charlottesville,Virginia,WVTU,FM,89.3,None,
Twitter,Charlottesville,Virginia,WVTW,FM,88.5,None,
Twitter,Charlottesville,Virginia,WMRY,FM,103.5,None,
Twitter,Christiansburg,Virginia,WWVT,AM,1260,(@WMLUradio),
Twitter,Farmville,Virginia,WMLU,FM,91.3,(@WMRAPublicRadio),
Twitter,Harrisonburg,Virginia,WMRA,FM,90.7,None,
Twitter,Lexington,Virginia,WMRL,FM,89.9,None,
Twitter,Marion,Virginia,WVTR,FM,91.9,(@WHRO),
Twitter,Norfolk,Virginia,WHRO,FM,90.3,(@whrvfm),
Twitter,Norfolk,Virginia,WHRV,FM,89.5,(@hot91),
Twitter,Norfolk,Virginia,WNSB,FM,91.1,(@wcve),
Twitter,Richmond,Virginia,WCVE,FM,88.9,(@WVFTRADIOIQ),
Twitter,Roanoke,Virginia,WVTF,FM,89.1,(@Uva_Wise),
Twitter,Wise,Virginia,WISE,FM,90.5,None,
Twitter,Bellingham,Washington,KZAZ,FM,91.7,(@KCBS),
Twitter,Bellevue,Washington,KBCS,FM,91.3,(@radio905),
Twitter,Clarkston,Washington,KNWV,FM,90.5,None,
Twitter,Ellensburg,Washington,KNWR,FM,90.7,None,
Twitter,Moses Lake,Washington,KLWS,FM,91.5,None,
Twitter,Omak,Washington,KQWS,FM,90.1,None,
Twitter,Port Angeles,Washington,KNWP,FM,90.1,None,
Twitter,Pullman,Washington,KWSU,AM,1250,None,
Twitter,Pullman,Washington,KRFA,FM,91.7,None,
Twitter,Richland,Washington,KFAE,FM,89.1,(@kexp),
Twitter,Seattle,Washington,KEXP,FM,90.3,(@KUOW),
Twitter,Seattle,Washington,KUOW,FM,94.9,None,
Twitter,Spokane,Washington,KPBX,FM,91.1,None,
Twitter,Spokane,Washington,KSFC,FM,91.9,(@KPLUpr),
Twitter,Seattle/Tacoma,Washington,KPLU,FM,88.5,None,
Twitter,Walla Walla,Washington,KWWS,FM,89.7,,
Twitter,Yakima,Washington,KDNA,FM,91.9,,
Twitter,Yakima,Washington,KNWY,FM,90.3,,
Twitter,Beckley,West Virginia,WVPB,FM,91.7,,
Twitter,Buckhannon,West Virginia,WVPW,FM,88.9,,
Twitter,Charleston,West Virginia,WVPN,FM,88.5,,
Twitter,Huntington,West Virginia,WVWV,FM,89.9,,
Twitter,Martinsburg,West Virginia,WVEP,FM,88.9,,
Twitter,Morgantown,West Virginia,WVPM,FM,90.9,,
Twitter,Parkersburg,West Virginia,WVPG,FM,90.3,,
Twitter,Petersburg,West Virginia,WAUA,FM,89.5,,
Twitter,Wheeling,West Virginia,WVNP,FM,89.9,,
Twitter,Appleton,Wisconsin,WLFM,FM,91.1,,
Twitter,Auburndale,Wisconsin,WLBL,AM,930,,
Twitter,Brule,Wisconsin,WHSA,FM,89.9,,
Twitter,Delafield,Wisconsin,WHAD,FM,90.7,,
Twitter,Eau Claire,Wisconsin,WUEC,FM,89.7,,
Twitter,Green Bay,Wisconsin,WHID,FM,88.1,,
Twitter,Green Bay,Wisconsin,WPNE,FM,89.3,,
Twitter,Hayward,Wisconsin,WOJB,FM,88.9,,
Twitter,Highland,Wisconsin,WHHI,FM,91.3,,
Twitter,Kenosha,Wisconsin,WGTD,FM,91.1,,
Twitter,La Crosse,Wisconsin,WHLA,FM,90.3,,
Twitter,La Crosse,Wisconsin,WLSU,FM,88.9,,
Twitter,Madison,Wisconsin,WERN,FM,88.7,,
Twitter,Madison,Wisconsin,WHA,AM,970,,
Twitter,Madison,Wisconsin,WSHS,FM,91.7,,
Twitter,Menomonie,Wisconsin,WHWC,FM,88.3,,
Twitter,Menomonie,Wisconsin,WVSS,FM,90.7,,
Twitter,Milwaukee,Wisconsin,WUWM,FM,89.7,,
Twitter,Oshkosh,Wisconsin,WRST,FM,90.3,,
Twitter,Park Falls,Wisconsin,WHBM,FM,90.3,,
Twitter,Rhinelander,Wisconsin,WXPR,FM,91.7,,
Twitter,River Falls,Wisconsin,WRFW,FM,88.7,,
Twitter,Sheboygan,Wisconsin,WSHS,FM,91.7,,
Twitter,Sister Bay,Wisconsin,WHDI,FM,91.1,,
Twitter,Sister Bay,Wisconsin,WHND,FM,89.7,,
Twitter,Superior,Wisconsin,KUWS,FM,91.3,,
Twitter,Wausau,Wisconsin,WHRM,FM,90.9,,
Twitter,Wausau,Wisconsin,WLBL,FM,91.9,,
Twitter,Wausau,Wisconsin,WXPW,FM,91.9,,
Twitter,Afton,Wyoming,KUWA,FM,91.3,,
Twitter,Buffalo,Wyoming,KBUW,FM,90.5,,
Twitter,Casper,Wyoming,KUWC,FM,91.3,,
Twitter,Douglas,Wyoming,KDUW,FM,91.7,,
Twitter,Gillette,Wyoming,KUWG,FM,90.9,,
Twitter,Jackson,Wyoming,KUWJ,FM,90.3,,
Twitter,Laramie,Wyoming,KUWR,FM,91.9,,
Twitter,Newcastle,Wyoming,KUWN,FM,90.5,,
Twitter,Pinedale,Wyoming,KUWX,FM,90.9,,
Twitter,Powell,Wyoming,KUWP,FM,90.1,,
Twitter,Rock Springs,Wyoming,KUWZ,FM,90.5,,
Twitter,Sheridan,Wyoming,KSUW,FM,91.3,,
Twitter,Sundance,Wyoming,KUWD,FM,91.5,,
Twitter,Thermopolis,Wyoming,KUWT,FM,91.3,,